
{
	"info": {
		"version": "1.0.1",
		"implements_api_version": 1.0,
		"author": "Cloud Software Group, Inc.",
		"copyright": "Cloud Software Group, Inc.",
		"url": "https://github.com/ibi/wf-extensions-chart/tree/master/com.ibi.range",
		"icons": {
			"medium": "icons/medium.png"
		}
	},

	"properties": {
		"axes": {
			"invert": true,
			"numerical" : {
				"labels": {
					"format": "auto",
					"font": "12px serif"
				}
			},
			"ordinal": {
				"labels": {
					"format": "auto",
					"font": "12px serif"
				},
				"title": {
					"font": "16px serif",
					"color": "black"
				}
			}
		},
		"canvas": {
			"ranges": {
				"color": "pink",
				"widthRatio": 0.8,
				"tooltip": {
					"enabled": true
				}
			},
			"markers": {
				"size": 10,
				"stroke": "none",
				"strokeWidth": 1,
				"colors": ["#1f77b4", "#ff7f0e", "#2ca02c", "#d62728", "#9467bd", "#8c564b", "#e377c2", "#7f7f7f", "#bcbd22", "#17becf"],
				"symbols": ["circle", "diamond", "square", "cross" , "triangle-down", "triangle-up"],
				"tooltip" : {
					"enabled": true
				},
				"labels" : {
					"enabled": true,
					"font": "12px serif",
					"format": "auto",
					"color": "black"
				}
			}
		},
		"legend": {
			"labels": {
				"font": "12px serif",
				"color": "black"
			}
		}
	},

	"propertyAnnotations": {
		"axes": {
			"invert": "bool",
			"numerical" : {
				"labels": {
					"format": "str",
					"font": "str"
				}
			},
			"ordinal": {
				"labels": {
					"format": "str",
					"font": "str"
				},
				"title": {
					"font": "str",
					"color": "color"
				}
			}
		},
		"canvas": {
			"ranges": {
				"color": "color",
				"widthRatio": "number",
				"tooltip": {
					"enabled": "bool"
				}
			},
			"markers": {
				"size": "number",
				"stroke": "str",
				"strokeWidth": "number",
				"colors": {
					"typeAnnotation": "array",
					"arrayTypes": "color"
				},
				"symbols" : {
					"typeAnnotation": "array",
					"arrayTypes": "str"
				},
				"tooltip": {
					"enabled": "bool"
				},
				"labels" : {
					"enabled": "bool",
					"font": "str",
					"format": "str",
					"color": "color"
				}
			}
		},
		"legend": {
			"labels": {
				"font": "str",
				"color": "color"
			}
		}
	},

	"dataBuckets":  {
		"tooltip": false,
		"matrix": false,
		"data_page": false,
		"series_break": false,

		"buckets": [
	      {
	        "id": "group",
	        "type": "dimension",
	        "count": {
	          "min": 1,
	          "max": 1
	        }
	      },
	      {
	        "id": "min",
	        "type": "measure",
	        "count": {
	          "min": 0,
	          "max": 1
	        }
	      },
	      {
	        "id": "max",
	        "type": "measure",
	        "count": {
	          "min": 0,
	          "max": 1
	        }
	      },
	      {
	        "id": "markers",
	        "type": "measure",
	        "count": {
	          "min": 0,
	          "max": 20
	        }
	      }
	    ]
	},

	"translations": {
		"en": {
			"name": "Range Chart",
			"description": "Simple two dimensional chart that can be used to plot min/max ranges and many series of markers.",
			"icon_tooltip": "Simple two dimensional chart that can be used to plot min/max ranges and many series of markers.",
			"group_name": "Group (DIM)",
			"group_tooltip": "Drop a dimension here",
			"min_name": "Range Minimum (MES)",
			"min_tooltip": "Drop a measure here",
			"max_name": "Range Maximum (MES)",
			"max_tooltip": "Drop a measure here",
			"markers_name": "Markers (MES)",
			"markers_tooltip": "Drop a measure here"
		}
	}
}
