
{
	"info": {
		"version": 1.0,
		"implements_api_version": 1.0,
		"author": "Information Builders",
		"copyright": "Information Builders Inc.",
		"url": "https://github.com/ibi/wf-extensions-chart/tree/master/simple_bar%20example",
		"icons": {
			"medium": "icons/medium.png"
		}
	},
	
	"properties": {
		"chartHeadroom": 50
	},
	
	"propertyAnnotations": {
		"chartHeadroom": "number"
	},
	
	"dataBuckets":  {
	
		"tooltip": false,
		"matrix": false,
		"data_page": false,
		"series_break": false,

		"buckets": [
			{
				"id": "value",
				"type": "measure",
				"count": {
					"min": 1,
					"max": 5
				}
			},
			{
				"id": "labels",
				"type": "dimension",
				"count": {
					"min": 0,
					"max": 5
				}
			}
		]
	},

	"translations": {
		"en": {
			"name": "My Simple Bar Chart",
			"description": "This chart is just a simple bar chart, nothing to see here.",
			"icon_tooltip": "This extension does ...", 
			"value_name": "Value Bucket", 
			"value_tooltip": "Drop a measusre here", 
			"labels_name": "Label Bucket", 
			"labels_tooltip": "Drop a dimension here"
		},
		
		"fr": {
			"name": "Un Bar Chart tres simple",
			"description": "C'est un Bar Chart vraiment simple",
			"icon_tooltip": "This extension does ...", 
			"value_name": "Value Bucket", 
			"value_tooltip": "Drop a measusre here", 
			"labels_name": "Label Bucket", 
			"labels_tooltip": "Drop a dimension here"
		}
	}
}