{
	"info": {
		"version": 1.0,
		"implements_api_version": 1.0,
		"author": "Cloud Software Group, Inc.",
		"copyright": "Cloud Software Group, Inc.",
		"url": "https://github.com/ibi/wf-extensions-chart/tree/master/com.ibi.compare_2_bars",
		"icons": {
			"small": "icons/small.png",
			"medium": "icons/medium.png"
		}
	},

	"properties": {
		"chartHeadroom": 50
	},

	"propertyAnnotations": {
		"chartHeadroom": "number"
	},

	"dataBuckets":  {

		"tooltip": false,
		"matrix": false,
		"data_page": false,
		"series_break": false,

		"buckets": [
			{
				"id": "value",
				"type": "measure",
				"count": {
					"min": 1,
					"max": 2
				}
			},
			{
				"id": "labels",
				"type": "dimension",
				"count": {
					"min": 0,
					"max": 1
				}
			}
		]
	},

	"translations": {
		"en": {
			"name": "Compare 2 Bars",
			"description": "This chart compares 2 series.",
			"icon_tooltip": "This extension compares 2 series",
			"value_name": "Value Bucket",
			"value_tooltip": "Drop a measure here",
			"labels_name": "Label Bucket",
			"labels_tooltip": "Drop a dimension here"
		},

		"fr": {
			"name": "Un Bar Chart tres simple",
			"description": "C'est un Bar Chart vraiment simple",
			"icon_tooltip": "This extension does ...",
			"value_name": "Value Bucket",
			"value_tooltip": "Drop a measusre here",
			"labels_name": "Label Bucket",
			"labels_tooltip": "Drop a dimension here"
		}
	}
}
