﻿{
	"info": {
		"version": 1.01,
		"implements_api_version": 1.0,
		"author": "Three D Graphics",
		"copyright": "Three D Graphics Inc.",
		"url": "https://github.com/ibi/wf-extensions-chart/tree/master/com.ibi.chord",
		"license": "BSD 3-clause",
		"icons": {
			"medium": "icons/medium.png"
		}
	},
	
	"properties": {
		"inverseData": false,
		"chordSort": "none",
		"groupPadding": 0.05,
		"groupCurves": {
			"radius": {
				"inner": "auto",
				"outer": "auto"
			},
			"title": {
				"font": "12px sans-serif",
				"color": "black",
				"bold": true
			}
		},
		"axis": {
			"preciseCount": false,
			"label": {
				"fontFamily": "sans-serif",
				"fontSize": "10px",
				"format": ".2s",
				"count": 20
			},
			"ticks": {
				"count": 90
			}
		}
	},
	"propertyAnnotations": {
		"inverseData": "bool",
		"chordSort": "str",
		"groupPadding": "number",
		"groupCurves": {
			"radius": {
				"inner": "str",
				"outer": "str"
			},
			"title": {
				"font": "str",
				"color": "color",
				"bold": "bool"
			}
		},
		"axis": {
			"preciseCount": "bool",
			"label": {
				"fontFamily": "str",
				"fontSize": "str",
				"format": "str",
				"count": "number"
			},
			"ticks": {
				"count": "number"
			}
		}
	},
	"dataBuckets":  {
		"buckets": [
			{
				"id": "source",
				"type": "dimension",
				"count": {
					"min": 1,
					"max": 1
				}
			},
			{
				"id": "target",
				"type": "dimension",
				"count": {
					"min": 1,
					"max": 1
				}
			},
			{
				"id": "value",
				"type": "measure",
				"count": {
					"min": 1,
					"max": 1
				}
			}
		]
	},	
	"translations": {
		"en": {
			"name": "Chord Diagram",
			"description": "Chord Diagram",
			"icon_tooltip": "Chord Diagram", 
			"source_name": "Source Nodes (DIM)", 
			"source_tooltip": "Drop a dimension here",
			"target_name": "Target Nodes (DIM)", 
			"target_tooltip": "Drop a dimension here",
			"value_name": "Node Link Values (MES)",
			"value_tooltip": "Drop a measure here"
		},
		
		"de": {
			"name": "Chord-Diagramm",
			"description": "Chord-Diagramm",
			"icon_tooltip": "Chord-Diagramm", 
			"source_name": "Quellen-Nodes", 
			"source_tooltip": "Dimension hier ablegen",
			"target_name": "Ziel-Nodes", 
			"target_tooltip": "Dimension hier ablegen",
			"value_name": "Node-Link-Werte",
			"value_tooltip": "Maßeinheit hier ablegen"
		},
		
		"es": {
			"name": "Diagrama de acorde",
			"description": "Diagrama de acorde",
			"icon_tooltip": "Diagrama de acorde", 
			"source_name": "Nodos de origen", 
			"source_tooltip": "Soltar aquí una dimensión",
			"target_name": "Nodos de destino", 
			"target_tooltip": "Soltar aquí una dimensión",
			"value_name": "Valores de vínculo de nodos",
			"value_tooltip": "Soltar aquí una medida"
		},
		
		"fr": {
			"name": "Diagramme d'accord",
			"description": "Diagramme d'accord",
			"icon_tooltip": "Diagramme d'accord", 
			"source_name": "Noeuds sources", 
			"source_tooltip": "Déposer une dimension ici",
			"target_name": "Noeuds cibles", 
			"target_tooltip": "Déposer une dimension ici",
			"value_name": "Valeurs de Lien de noeud",
			"value_tooltip": "Déposer une mesure ici"
		},
		
		"fc": {
			"name": "Diagramme d'accord",
			"description": "Diagramme d'accord",
			"icon_tooltip": "Diagramme d'accord", 
			"source_name": "Noeuds sources", 
			"source_tooltip": "Déposer une dimension ici",
			"target_name": "Noeuds cibles", 
			"target_tooltip": "Déposer une dimension ici",
			"value_name": "Valeurs de Lien de noeud",
			"value_tooltip": "Déposer une mesure ici"
		},
		
		"it": {
			"name": "Diagramma di Accordo",
			"description": "Diagramma di Accordo",
			"icon_tooltip": "Diagramma di Accordo", 
			"source_name": "Nodi Origine", 
			"source_tooltip": "Rilascia qui una dimensione",
			"target_name": "Nodi Target", 
			"target_tooltip": "Rilascia qui una dimensione",
			"value_name": "Valori Link Nodo",
			"value_tooltip": "Rilascia qui una misura"
		},
		
		"iw": {
			"name": "Chord Diagram",
			"description": "Chord Diagram",
			"icon_tooltip": "Chord Diagram", 
			"source_name": "Source Nodes", 
			"source_tooltip": "Drop a dimension here",
			"target_name": "Target Nodes", 
			"target_tooltip": "Drop a dimension here",
			"value_name": "Node Link Values",
			"value_tooltip": "Drop a measure here"
		},
		
		
		
		"br": {
			"name": "Diagrama de Cordas",
			"description": "Diagrama de Cordas",
			"icon_tooltip": "Diagrama de Cordas", 
			"source_name": "Nós de Origem", 
			"source_tooltip": "Solte uma dimensăo aqui",
			"target_name": "Nós de Destino", 
			"target_tooltip": "Solte uma dimensăo aqui",
			"value_name": "Valores de Link de Nó",
			"value_tooltip": "Solte uma medida aqui"
		},
		
		"ru": {
			"name": "Chord Diagram",
			"description": "Chord Diagram",
			"icon_tooltip": "Chord Diagram", 
			"source_name": "Source Nodes", 
			"source_tooltip": "Drop a dimension here",
			"target_name": "Target Nodes", 
			"target_tooltip": "Drop a dimension here",
			"value_name": "Node Link Values",
			"value_tooltip": "Drop a measure here"
		}
		
			
			
		
	}
}