{
	"info": {
		"version": 1.0,
		"implements_api_version": 1.0,
		"author": "Three D Graphics",
		"copyright": "Three D Graphics Inc.",
		"url": "https://threedgraphics.com",
		"icons": {
			"medium": "icons/medium.png"
		}
	},
	
	properties:{
		"type": "regular",
		"arc": {
			"start": 1.5708,
			"extent": 0.75,
			"padding": 0.2,
			"sortBy": "value",
			"sort": {
				"by": "value",
				"ascending": true
			},
			"border": {
				"width": 1,
				"color": "black"
			}
		},
		"axis": {
			"labels": {
				"format": null
			}
		},
		"valueLabel": {
			"fontFamily": "sans-serif",
			"fontSize": "24px",
			"color": "#000000",
			"fontWeight": "bold", // "normal", "bolder" or "bold"
		},
		"labels": {
			"text": {
				"color": "black",
				"font": "Verdana",
				"weight": "bold",
				"size": "14px"
			},
			"marker": {
				"type": "circle"
			}
		}
	},
	
	propertyAnnotations: {
		"type": "str",
		"arc": {
			"start": "number",
			"extent": "number",
			"padding": "number",
			"sortBy": "str",
			"sort": {
				"by": "str",
				"ascending": "bool"
			},
			"border": {
				"width": "number",
				"color": "str"
			}
		},
		"axis": {
			"labels": {
				"format": "str"
			}
		},
		"valueLabel": {
			"fontFamily": "str",
			"fontSize": "str",
			"fontWeight": "str",
			"color": "color"
		},
		"labels": {
			"text": {
				"color": "str",
				"font": "str",
				"weight": "str",
				"size": "str"
			},
			"marker": {
				"type": "str"
			}
		}
	},
	
	"dataBuckets": {
	
		"buckets": [
			{
				"id": "label",
				"type": "dimension",
				"count": {
					"min": 1,
					"max": 1
				}
			},
			{
				"id": "value",
				"type": "measure",
				"count": {
					"min": 1,
					"max": 1,
				}
			}
		]
	},
	
	"translations": {
		"en": {
			"name": "Arc Chart",
			"description": "Arc Chart",
			"icon_tooltip": "Arc Chart", 
			"value_name": "Value Bucket", 
			"value_tooltip": "Drop a measure here",
			"label_name": "Label Bucket", 
			"label_tooltip": "Drop a measure here"
		}
	}
}