{
	"info": {
		"version": 1.3,
		"implements_api_version": 1.0,
		"author": "TIBCO Software",
		"copyright": "TIBCO Software Inc.",
		"url": "https://github.com/ibi/wf-extensions-chart/tree/master/com.ibi.gauge",
		"icons": {
			"medium": "icons/medium.png"
		}
	},
	
	"properties": {

    "arc_width": 25,
    "label_type": "actual",
    "color_states": [ "#FF0000", "#F97600", "#F6C600", "#60B044" ],
    "thresholds": [ 30, 60, 90, 100 ],
    "show_label": true,
    "show_endpoints": true,
    "show_legend": true,
    "target_width": 2,
    "target_color": "#505050"
	},

  "propertyAnnotations": {
    "arc_width": "number",
    "label_type": "str",
    "color_states": {
      "typeAnnotation": "array",
      "arrayTypes": "color"
    },
    "thresholds": {
      "typeAnnotation": "array",
      "arrayTypes": "number"
    },
    "show_label": "bool",
    "show_endpoints": "bool",
    "show_legend": "bool",
    "target_width": "number",
    "target_color": "color"
  },
	
	"dataBuckets":  {
	
		"tooltip": false,
		"matrix": false,
		"data_page": false,
		"series_break": false,

    "buckets": [

      {
        "id": "actual",
        "type": "measure",
        "count": {
          "min": 1,
          "max": 1
        }
      },
      {
        "id": "min",
        "type": "measure",
        "count": {
          "min": 0,
          "max": 1
        }
      },
      {
        "id": "max",
        "type": "measure",
        "count": {
          "min": 0,
          "max": 1
        }
      },
      {
        "id": "tgt",
        "type": "measure",
        "count": {
          "min": 0,
          "max": 1
        }
      }
    ]
	},

	"translations": {
    "en": {
      "name": "Arc Gauge",
      "description": "This is a 180 degree arc gauge that represents 3 states",
      "icon_tooltip": "This is a 180 degree arc gauge that represents 3 states",
      "actual_name": "Gauge Value",
      "actual_tooltip": "Drop a measure here",
      "min_name": "Min Gauge Value",
      "min_tooltip": "Drop a measure here",
      "max_name": "Max Gauge Value",
      "max_tooltip": "Drop a measure here",
      "tgt_name": "Target Gauge Value",
      "tgt_tooltip": "Drop a measure here"
    },

    "fr": {
      "name": "Graphique à barres simple personnel",
      "description": "Ce graphique est un simple graphique à barres, rien de spécial.",
      "icon_tooltip": "Cette extension réalise ...",
      "actual_name": "Gauge Value",
      "actual_tooltip": "Drop a measure here",
      "min_name": "Min Gauge Value",
      "min_tooltip": "Drop a measure here",
      "max_name": "Max Gauge Value",
      "max_tooltip": "Drop a measure here",
      "tgt_name": "Target Gauge Value",
      "tgt_tooltip": "Drop a measure here"
    }
	}
}