{
	"info": {
		"version": 1.0,
		"implements_api_version": 2.0,
		"author": "Information Builders Inc.",
		"copyright": "Information Builders Inc.",
		"url": "https://github.com/ibi/wf-extensions-chart/tree/master/com.ibi.tutorial",
		"icons": {
			"medium": "icons/icon.svg"
		}
	},
	
	"properties": {
		"chartHeadroom": 50,
	},
	
	"propertyAnnotations": {
		"chartHeadroom": "number",
	},
	
	"dataBuckets":  {
	
		"tooltip": false,
		"matrix": false,
		"data_page": false,
		"series_break": false,

		"buckets": [
			{
				"id": "value",
				"type": "measure",
				"count": {
					"min": 1,
					"max": 1
				}
			},
			{
				"id": "labels",
				"type": "dimension",
				"count": {
					"min": 0,
					"max": 1
				}
			}
		]
	},

	"translations": {
		"en": {
			"name": "Color Scale Legend Demo",
			"description": "Color Scale Legend Demo",
			"icon_tooltip": "Color Scale Legend Demo", 
			"value_name": "Value Bucket", 
			"value_tooltip": "Drop a measure here", 
			"labels_name": "Label Bucket", 
			"labels_tooltip": "Drop a dimension here"
		}
	}
}