{
	"info": {
		"version": "1.1",
		//1.0 Original Release
		//1.0.1 CHART-2425 chart gives error message for single Dimension value
		//1.0.2 VIZ-70 Re-enable custom coloring with 'properties.customColors'
		//1.0.3 CHART-3304 VIZ-43 VIZ-27 Tooltips with drill downs
        //1.0.4 VIZ-131	
		//1.0.5 VIZ-131 fix #2		
		//1.1 upgrade to d3 v5
		"implements_api_version": 1.0,
		"author": "Information Builders",
		"copyright": "Information Builders Inc.",
		"url": "https://github.com/ibi/wf-extensions-chart/tree/master/com.ibi.sunburst",
		"icons": {
			"medium": "icons/medium.png"
		}
	},
	
	"properties": {
		"customColors": false,
		"node": {
			"colors": ["#4087b8","#e31a1c","#9ebcda","#c994c7","#41b6c4","#49006a","#ec7014","#a6bddb","#67001f","#800026","#addd8e","#e0ecf4","#fcc5c0","#238b45","#081d58","#d4b9da","#2b8cbe","#74a9cf","#41ab5d","#fed976","#ce1256","#7f0000","#a6bddb","#ffffcc","#e7e1ef","#016c59","#f7fcfd","#99d8c9","#fff7fb","#ffffe5","#fdd49e","#ffffd9","#fe9929","#8c96c6","#810f7c","#993404","#c7e9b4","#bfd3e6","#e7298a","#7fcdbb","#3690c0","#ae017e","#d9f0a3","#ece2f0","#014636","#f7fcb9","#66c2a4","#fff7bc","#f7fcf0","#e5f5f9","#fdbb84","#fa9fb5","#4d004b","#fff7fb","#cc4c02","#78c679","#1d91c0","#ccebc5","#feb24c","#b30000","#8c6bb1","#fec44f","#d0d1e6","#084081","#0868ac","#f7fcfd","#0570b0","#ef6548","#fff7ec","#006837","#f768a1","#edf8b1","#fee391","#238443","#ffffe5","#023858","#7a0177","#67a9cf","#dd3497","#980043","#88419d","#d0d1e6","#fc8d59","#4eb3d3","#fd8d3c","#fff7f3","#fc4e2a","#ccece6","#ece7f2","#a8ddb5","#41ae76","#bd0026","#e0f3db","#045a8d","#ffeda0","#253494","#7bccc4","#fde0dd","#00441b","#225ea8","#006d2c","#02818a","#f7f4f9","#d7301f","#df65b0","#662506","#3690c0","#004529","#fee8c8"],
			"colorBy": "evenodd",
			"border": {
				"color": "white",
				"width": 2
			}
		},
	    "toolTip": {
	      "enabled": true,
	      "valueFormat": "auto"
	    }
	},
	
	"propertyAnnotations": {
		"customColors": "bool",
		"node": {
			"colors": {
				"typeAnnotation": "array",
				"arrayTypes": "color"
			},
			"colorBy": "str",
			"border": {
				"color": "color",
				"width": "number"
			}
		},
		"toolTip": {
	      "enabled": "bool",
	      "valueFormat": "str"
	    }
	},
	
	"dataBuckets":  {
		"tooltip": true , //CHART-3304
		"matrix": false,
		"data_page": false,
		"series_break": false,

		"buckets": [
	      {
	        "id": "levels",
	        "type": "dimension",
	        "count": {
	          "min": 1,
	          "max": 100
	        }
	      },
	      {
	        "id": "value",
	        "type": "measure",
	        "count": {
	          "min": 1,
	          "max": 1
	        }
	      }
	    ]
	},

	"translations": {
		"en": {
			"name": "Sunburst Chart",
			"description": "Sunburst chart is the fancy name for the circular treemap chart.",
			"icon_tooltip": "This extension is good for visualization of hierarchical data sets.",
			"levels_name": "Levels (DIM)",
			"levels_tooltip": "Drop a dimension here",
			"value_name": "Value (MES)",
			"value_tooltip": "Drop a measure here"
		}
	}
}
