{
	"info": {
		"version": "1.0.0",
		"implements_api_version": "2.0",
		"author": "TIBCO Software",
		"copyright": "TIBCO Software Inc.",
		"url": "https://github.com/ibi/wf-extensions-chart/tree/master/com.ibi.kpibox2",
		"license": "BSD 3-clause",
		"icons": {
			"medium": "icons/kpibox_icon_medium.png"
		}
	},

	"properties": {
	
		"kpiboxProperties": {   
			"ibiAppsPath": "/ibi_apps/",	
			"calculateComparationFunction": {
				"param1": "valueKpi", 
				"param2": "compareValue", 
				"body": "if(valueKpi == 0 && compareValue == 0) { return 0; } var result = (valueKpi - compareValue) / Math.abs(compareValue);  return result;"
			},	
			"calculateComparationFunction2": {
				"param1": "valueKpi", 
				"param2": "compareValue2", 
				"body": "if(valueKpi == 0 && compareValue2 == 0) { return 0; } var result = (valueKpi - compareValue2) / Math.abs(compareValue2);  return result;"
			},
			"formatComparation": "#,###.00%",
			"customCompareIcon": {
				"active": false,	
				"iconUp": " ",
				"iconDown": " "
			},
			"shortenNumber": false,
			"typeShortenNumber": null,
			"setInfiniteToZero": false,
			"titleRow": false,
			"calculateFontSize": false, 
			"fixedFontSizeProp": "18px",
			"fixedPixelLinesMargin": 20,
			"imagePercentageWidth": 30,
			"comparationTitle":false,
			"comparationValue":false,
			"textAlign":false,
			"titleFont":{
			    "size":"14px",
			    "color":"grey",
			    "family":"Arial"
			},
			"measureFont":{
			    "size":"22px",
			    "color":"grey",
			    "family":"Arial"
			},
			"variationFont":{
			    "size":"14px",
			    "color":"grey",
			    "family":"Arial"
			},
			"variationTitle":{
			    "size":"14px",
			    "color":"grey",
			    "family":"Arial"
			},
			"footing":{
				"type":"External"
			},
			"heading":{
				"type":"External"
			},
			"bodyBackgroundColor": "#f4f4f4"
		},
		"colorScale": {
			"colorBands": [
				{"start": -1000000000000, "stop": 0, "color":"#c00000"},
				{"start": 0, "stop": 1000000000000, "color":"#409c87"}
			]
		}
		
	},
	 
	"propertyAnnotations": {
	
		"kpiboxProperties": {
			"ibiAppsPath": "str",	
			"calculateComparationFunction": {
				"param1": "str", 
				"param2": "str", 
				"body": "str"
			},	
			"calculateComparationFunction2": {
				"param1": "str", 
				"param2": "str", 
				"body": "str"
			},
			"formatComparation": {
				"typeAnnotation": "str",
                "stringValues": ["#,###.00%", "#,###.0%"]
			},
			"customCompareIcon": {
				"active": "bool",	
				"iconUp": "str",
				"iconDown": "str"
			},
			"shortenNumber": "bool",
			"typeShortenNumber": "str",
			"setInfiniteToZero": "bool",
			"titleRow": "bool",
			"calculateFontSize": "bool", 
			"fixedFontSizeProp": "str",
			"fixedPixelLinesMargin": "number",
			"imagePercentageWidth": "number",
			"comparationTitle":"bool",
			"comparationValue":"bool",
			"textAlign":"bool",
			"titleFont":{
			    "size":"str",
			    "color":"color",
			    "family":"str"
			},
			"measureFont":{
			    "size":"str",
			    "color":"color",
			    "family":"str"
			},
			"variationFont":{
			    "size":"str",
			    "color":"color",
			    "family":"str"
			},
			"variationTitle":{
			    "size":"str",
			    "color":"color",
			    "family":"str"
			},
			"footing":{
				"type":{
					"typeAnnotation": "str",
					"stringValues": ["External", "Internal"]
				} 
				
			},
			"heading":{
				"type":{
					"typeAnnotation": "str",
					"stringValues": ["External", "Internal"]
				} 
			},
			"bodyBackgroundColor": "color"
		},
		"colorScale": "json"
		
	},
	
	"dataBuckets":  {
		"tooltip": true,
		"matrix": false,
		"data_page": false,
		"series_break": false,
		"buckets": [
			{
				"id": "value",
				"type": "measure",
				"count": {
					"min": 1,
					"max": 1
				}
			},
			{
				"id": "comparevalue",
				"type": "measure",
				"count": {
					"min": 0,
					"max": 1
				}
			},
			{
				"id": "comparevalue2",
				"type": "measure",
				"count": {
					"min": 0,
					"max": 1
				}
			},
			{
				"id": "image",
				"type": "dimension",
				"count": {
					"min": 0,
					"max": 1
				}
			},
			{
				"id": "kpisign",
				"type": "measure",
				"count": {
					"min": 0,
					"max": 1
				}
			}
		]
	},
	
	"translations": {
		"en": {
			"name": "KPI Box HTML",
			"description": "KPI Box HTML for API 2.0",
			"icon_tooltip": "KPI Box 2", 
			"value_name": "Value Bucket (1, required)", 
			"value_tooltip": "Drop a measusre here",
			"comparevalue_name": "Compare Value Bucket (1, non required)", 
			"comparevalue_tooltip": "Drop a measusre here",
			"comparevalue2_name": "Compare Value 2 Bucket (1, non required)", 
			"comparevalue2_tooltip": "Drop a measure here",
			"kpisign_name": "Sign Comparision Bucket (1, non required)", 
			"kpisign_tooltip": "Drop a measusre here",
			"image_name": "Image Bucket (1, non required)", 
			"image_tooltip": "Drop a field with path to image",
			"properties": {
				"kpiboxProperties": {
					"_translation": "KPI Box properties",
					"ibiAppsPath": "Ibi path context",	
					"calculateComparationFunction": {
						"_translation": "Comparation 1",
						"param1": "Value", 
						"param2": "compare value", 
						"body": "js comparation"
					},	
					"calculateComparationFunction2": {
						"_translation": "Comparation 2",
						"param1": "Value", 
						"param2": "compare value", 
						"body": "js comparation"
					},
					"formatComparation": "Format of comparation",
					"customCompareIcon": {
						"_translation": "Custom compare icon",
						"active": "Active",	
						"iconUp": "Incon up path",
						"iconDown": "Icon down path"
					},
					"shortenNumber": "Shorten number",
					"typeShortenNumber": "Type shorten number",
					"setInfiniteToZero": "Infinite to zero",
					"titleRow": "Title as row",
					"calculateFontSize": "Font size automatic", 
					"fixedFontSizeProp": "Font size",
					"fixedPixelLinesMargin": "Line margins",
					"imagePercentageWidth": "Image percentaje width",
					"comparationTitle": "Comparation title",
					"textAlign": "text align",
					"titleFont":{
						"_translation": "Title font",
						"size": "font size",
						"color": "font color",
						"family": "font family"
					},
					"measureFont":{
						"_translation": "Measure font",
						"size": "font size",
						"color": "font color",
						"family": "font family"
					},
					"variationFont":{
						"_translation": "Variation font",
						"size": "font size",
						"color": "font color",
						"family": "font family"
					},
					"variationTitle":{
						"_translation": "Title title",
						"size": "font size",
						"color": "font color",
						"family": "font family"
					},
					"footing":{
						"_translation": "Footing Properties ",
						"type": "Footing position"
					},
					"heading":{
						"_translation": "Heading Properties ",
						"type": "Heading position"
					},
					"bodyBackgroundColor": "Back ground color"
				}
			}
		},
		"es": {
			"name": "KPI Box HTML 2",
			"description": "KPI Box HTML using API 2.0",
			"icon_tooltip": "KPI Box HTML using API 2.0", 
			"value_name": "Value Bucket (1, required)", 
			"value_tooltip": "Drop a measusre here",
			"comparevalue_name": "Compare Value Bucket (1, non required)", 
			"comparevalue_tooltip": "Drop a measusre here",
			"comparevalue2_name": "Compare Value 2 Bucket (1, non required)", 
			"comparevalue2_tooltip": "Drop a measure here",
			"kpisign_name": "Sign Comparision Bucket (1, non required)", 
			"kpisign_tooltip": "Drop a measusre here",
			"image_name": "Image Bucket (1, non required)", 
			"image_tooltip": "Drop a field with path to image",
			"properties": {
				"kpiboxProperties": {
					"_translation": "KPI Box properties",
					"ibiAppsPath": "Ibi path context",	
					"calculateComparationFunction": {
						"_translation": "Comparation 1",
						"param1": "Value", 
						"param2": "compare value", 
						"body": "js comparation"
					},	
					"calculateComparationFunction2": {
						"_translation": "Comparation 2",
						"param1": "Value", 
						"param2": "compare value", 
						"body": "js comparation"
					},
					"formatComparation": "Format of comparation",
					"customCompareIcon": {
						"_translation": "Custom compare icon",
						"active": "Active",	
						"iconUp": "Incon up path",
						"iconDown": "Icon down path"
					},
					"shortenNumber": "Shorten number",
					"typeShortenNumber": "Type shorten number",
					"setInfiniteToZero": "Infinite to zero",
					"titleRow": "Title as row",
					"calculateFontSize": "Font size automatic", 
					"fixedFontSizeProp": "Font size",
					"fixedPixelLinesMargin": "Line margins",
					"imagePercentageWidth": "Image percentaje width",
					"comparationTitle": "Comparation title",
					"textAlign": "text align",
					"titleFont":{
						"_translation": "Title font",
						"size": "font size",
						"color": "font color",
						"family": "font family"
					},
					"measureFont":{
						"_translation": "Measure font",
						"size": "font size",
						"color": "font color",
						"family": "font family"
					},
					"variationFont":{
						"_translation": "Variation font",
						"size": "font size",
						"color": "font color",
						"family": "font family"
					},
					"variationTitle":{
						"_translation": "Title title",
						"size": "font size",
						"color": "font color",
						"family": "font family"
					},
					"footing":{
						"_translation": "footing Properties ",
						"type": "Footing position"
					},
					"bodyBackgroundColor": "Back ground color"
				}
			}
		}
	}
}
