{
	"info": {
		"version": 1.0,
		"implements_api_version": 1.0,
		"author": "Information Builders (M.J. Daniels)",
		"copyright": "Information Builders Inc.",
		"url": "https://github.com/ibi/wf-extensions-chart/tree/master/com.ibi.kpi_with_sparkline_flexible",
		"icons": {
			"medium": "icons/medium.png",
			"small": "icons/small.png"
		}
	},
	
	"properties": {
		"type": "bar",
		"color": "#666",
		"fontFamily": "'Open Sans'",
		"fontSize": "12px",
		"setCDN": "false",
		"squareDesign": "false",
		"aggregateValues": "false",
		"measureName": {
			"fontWeight": "bold",
			"color": "inherit",
			"fontSize": "12px"
		},
		"deviationVsPrevious": {
			"color": "inherit",
			"fontSize": "12px",
			"decimalPlaces": "1",
			"deviationInPercent": "false",
			"deviationTimeframe": "vs prev month",
			"disableDeviation": "false"
		},
		"total": {
			"fontWeight": "inherit",
			"color": "inherit",
			"fontSize": "20px",
			"decimalPlaces": "0",
			"percentValue": "false"
		},
		"barProperties": {
			"height": 20,
			"width": 5,
			"goodColor": "#37BF54",
			"badColor": "#F53554",
			"goodIs": ">=0",
			"disableSparklineChart": "false"
		}
	},
	
	"propertyAnnotations": {
		"type": "str", 
		"color": "str", 
		"fontFamily": "str", 
		"fontSize": "str", 
		"setCDN": "bool",
		"squareDesign": "bool",
		"aggregateValues": "bool",
		"measureName": {
			"fontWeight": "str", 
			"color": "str", 
			"fontSize": "str"
		},
		"deviationVsPrevious": {
			"color": "str", 
			"fontSize": "str",
			"decimalPlaces": "number",
			"deviationInPercent": "bool",
			"deviationTimeframe": "str",
			"disableDeviation": "bool"
		},
		"total": {
			"fontWeight": "str",
			"color": "str", 
			"fontSize": "str",
			"decimalPlaces": "number",
			"percentValue": "bool"
		},
		"barProperties": {
			"height": "number",
			"width": "number",
			"goodColor": "str",
			"badColor": "str",
			"goodIs": "str",
			"disableSparklineChart": "bool"
		}
	},
	
	"dataBuckets":  {
		"tooltip": false,
		"matrix": false,
		"data_page": false,
		"series_break": false,

		"buckets": [
			{
				"id": "measure",
				"type": "measure",
				"count": {
					"min": 1,
					"max": 1
				}
			},
			{
				"id": "xaxis",
				"type": "dimension",
				"count": {
					"min": 1,
					"max": 1
				}
			}
		]
	},

	"translations": {
		"en": {
			"name": "KPI with Sparkline (flexible)",
			"description": "KPI with Sparkline flexible Widget using jQuery Sparkline plug-in.",
			"icon_tooltip": "KPI with Sparkline flexible Widget using jQuery Sparkline plug-in.", 
			"measure_name": "Measure", 
			"measure_tooltip": "Drop a measure here", 
			"xaxis_name": "X-Axis", 
			"xaxis_tooltip": "Drop a dimension here"
		},
		"de": {
			"name": "KPI mit Sparkline (flexibel)",
			"description": "KPI mit Sparkline (flexibel) Widget mit jQuery-Sparkline-Plug-in",
			"icon_tooltip": "KPI mit Sparkline (flexibel) Widget mit jQuery-Sparkline-Plug-in", 
			"measure_name": "Kennzahl", 
			"measure_tooltip": "Kennzahl hier ablegen", 
			"xaxis_name": "X-Achse", 
			"xaxis_tooltip": "Dimension hier ablegen"
		},
		"pt_BR": {
			"name": "KPI com Sparkline (flexível)",
			"description": "Widget do KPI com Sparkline (flexível) utilizando o plug-in jQuery Sparkline.",
			"icon_tooltip": "Widget do KPI com Sparkline (flexível) utilizando o plug-in jQuery Sparkline.", 
			"measure_name": "Medida", 
			"measure_tooltip": "Solte uma medida aqui", 
			"xaxis_name": "Eixo X", 
			"xaxis_tooltip": "Solte uma dimensão aqui"
		},
		"es": {
			"name": "KPI con Sparkline (flexible)",
			"description": "KPI con Sparkline (flexible) Widget usando el complemento jQuery Sparkline.",
			"icon_tooltip": "KPI con Sparkline (flexible) Widget usando el complemento jQuery Sparkline.", 
			"measure_name": "Medida", 
			"measure_tooltip": "Soltar aquí una medida", 
			"xaxis_name": "Eje X", 
			"xaxis_tooltip": "Soltar aquí una dimensión"
		},
		"fr": {
			"name": "KPI avec Sparkline (flexible)",
			"description": "Widget KPI avec Sparkline (flexible) avec le plug-in jQuery Sparkline.",
			"icon_tooltip": "Widget KPI avec Sparkline (flexible) avec le plug-in jQuery Sparkline.", 
			"measure_name": "Mesure", 
			"measure_tooltip": "Déposer une mesure ici", 
			"xaxis_name": "Axe X", 
			"xaxis_tooltip": "Déposer une dimension ici"
		}
	}
}