{
	"info": {
		"version": "1.5",
		//version 1.4 - VIZ-457 - fixed regex issue for IE11
		//version 1.5 - bugfixing + describtion for properties + support for regional number format
		"implements_api_version": 2.0,
		"author": "Information Builders (Marc Julian Daniels)",
		"copyright": "Information Builders Inc.",
		"url": "https://github.com/ibi/wf-extensions-chart/tree/master/com.ibi.kpi_with_sparkline_flexible",
		"icons": {
			"medium": "icons/medium.png"
		}
	},
	
	"properties": {
		"type": "bar",
		"color": "#666",
		"fontFamily": "'Open Sans'",
		"fontSize": "12px",
		"fontStyle": "normal",
		"setCDN": "false",
		"squareDesign": "false",
		"aggregateValues": "false",
		"measureName": {
			"fontWeight": "bold",
			"color": "#666",
			"fontSize": "12px",
			"fontStyle": "inherit"
		},
		"deviationVsPrevious": {
			"color": "#666",
			"fontSize": "12px",
			"fontStyle": "inherit",
			"decimalPlaces": "1",
			"deviationInPercent": "false",
			"deviationTimeframe": "vs prev month",
			"disableDeviation": "false",
			"abbreviateNumber": "false"
		},
		"total": {
			"fontWeight": "inherit",
			"color": "#666",
			"fontSize": "20px",
			"fontStyle": "inherit",
			"decimalPlaces": "0",
			"percentValue": "false",
			"abbreviateNumber": "false"
		},
		"barProperties": {
			"height": 20,
			"width": 5,
			"applyDynamicColorOn": "sparkline",
			"goodColor": "#37BF54",
			"badColor": "#F53554",
			"goodIs": ">=0",
			"disableSparklineChart": "false"
		}
	},
	
	"propertyAnnotations": {
		"type": {
				"typeAnnotation": "str",
				"stringValues": ["bar", "line", "pie"]
			}, 
		"color": "color", 
		"fontFamily": "str", 
		"fontSize": "str",
		"fontStyle": "str",		
		"setCDN": "bool",
		"squareDesign": "bool",
		"aggregateValues": "bool",
		"measureName": {
			"fontWeight": "str", 
			"color": "color", 
			"fontSize": "str",
			"fontStyle": "str"
		},
		"deviationVsPrevious": {
			"color": "color", 
			"fontSize": "str",
			"fontStyle": "str",
			"decimalPlaces": "number",
			"deviationInPercent": "bool",
			"deviationTimeframe": "str",
			"disableDeviation": "bool",
			"abbreviateNumber": "bool"
		},
		"total": {
			"fontWeight": "str",
			"color": "color", 
			"fontSize": "str",
			"fontStyle": "str",
			"decimalPlaces": "number",
			"percentValue": "bool",
			"abbreviateNumber": "bool"
		},
		"barProperties": {
			"height": "number",
			"width": "number",
			"applyDynamicColorOn": {
				"typeAnnotation": "str",
				"stringValues": ["sparkline", "full widget background"]
			},
			"goodColor": "color",
			"badColor": "color",
			"goodIs": "str",
			"disableSparklineChart": "bool"
		}
	},
	
	"dataBuckets":  {
		"tooltip": false,
		"matrix": false,
		"data_page": false,
		"series_break": false,

		"buckets": [
			{
				"id": "measure",
				"type": "measure",
				"count": {
					"min": 1,
					"max": 1
				}
			},
			{
				"id": "xaxis",
				"type": "dimension",
				"count": {
					"min": 1,
					"max": 1
				}
			}
		]
	},

	"translations": {
		"en": {
			"name": "KPI with Sparkline (flexible)",
			"description": "KPI with Sparkline flexible Widget using jQuery Sparkline plug-in.",
			"icon_tooltip": "KPI with Sparkline flexible Widget using jQuery Sparkline plug-in.", 
			"measure_name": "Measure", 
			"measure_tooltip": "Drop a measure here", 
			"xaxis_name": "Dimension (Time)", 
			"xaxis_tooltip": "Drop a dimension here",
			
			"properties": {
				"type": {
					"_translation": "Charttype of Sparkline",
					"_tooltip": "Change the charttype of the sparkline chart",
                    "_valueTooltip": "Default bar"
				},								
				"color": {
					"_translation": "Set font color - NOT IN USE",
					"_tooltip": "NOT IN USE - Change the color on every element separately",
                    "_valueTooltip": "Default #666666"
				},	
				"fontFamily": {
					"_translation": "Set font family",
					"_tooltip": "Set font family",
                    "_valueTooltip": "Default 'Open Sans'"
				},	
				"fontSize": {
					"_translation": "Set font size",
					"_tooltip": "Set font size",
                    "_valueTooltip": "Default 12px"
				},
				"fontStyle": {
					"_translation": "Set font size",
					"_tooltip": "Set font size",
                    "_valueTooltip": "Default normal"
				},
				"setCDN": {
					"_translation": "Enable regional number format - not visible in Designer",
					"_tooltip": "Changes the thousand and decimal separator to the WebFOCUS system setting - not visible in Designer",
                    "_valueTooltip": "Default false"
				},
				"squareDesign": {
					"_translation": "Display extension in square design",
					"_tooltip": "The extension will be in a square design with four lines instead of two lines",
                    "_valueTooltip": "Default false"
				},
				"aggregateValues": {
					"_translation": "Aggregate values",
					"_tooltip": "All month values will be aggregated in total value, change and sparkline",
                    "_valueTooltip": "Default false"
				},
				"measureName": {
					"_translation": "Measure name",
					"_tooltip": "Settings for measure name",
				
					"fontWeight":{
						"_translation": "Set font weight",
						"_tooltip": "Set font weight for the measure name",
						"_valueTooltip": "Default bold"
					},
					"color":{
						"_translation": "Set font color",
						"_tooltip": "Set font color for the measure name",
						"_valueTooltip": "Default #666666"
					},
					"fontSize":{
						"_translation": "Set font size",
						"_tooltip": "Set font size for the measure name",
						"_valueTooltip": "Default 12px"
					},
					"fontStyle":{
						"_translation": "Set font style",
						"_tooltip": "Set font style for the measure name",
						"_valueTooltip": "Default inherit (inherit from upper level font style)"
					},
				},
				"deviationVsPrevious": {
					"_translation": "Deviation vs previous",
					"_tooltip": "Settings for deviation vs previous",
				
					"color":{
						"_translation": "Set font color",
						"_tooltip": "Set font color for the deviation vs previous",
						"_valueTooltip": "Default #666666"
					},
					"fontSize":{
						"_translation": "Set font size",
						"_tooltip": "Set font size for the deviation vs previous",
						"_valueTooltip": "Default 12px"
					}, 
					"fontStyle":{
						"_translation": "Set font style",
						"_tooltip": "Set font style for the deviation vs previous",
						"_valueTooltip": "Default inherit (inherit from upper level font style)"
					}, 
					"decimalPlaces":{
						"_translation": "Decimal places shown",
						"_tooltip": "Set decimal places for the deviation vs previous",
						"_valueTooltip": "Default 1"
					},
					"deviationInPercent":{
						"_translation": "Deviation vs previous in percent",
						"_tooltip": "Show deviation vs previous as percent value",
						"_valueTooltip": "Default false"
					},
					"deviationTimeframe":{
						"_translation": "Deviation vs previous text",
						"_tooltip": "Change the deviation top previous text element",
						"_valueTooltip": "Default vs prev month"
					},
					"disableDeviation":{
						"_translation": "Hide deviation vs previous element",
						"_tooltip": "Completely hide the deviation vs previous element",
						"_valueTooltip": "Default false"
					}, 
					"abbreviateNumber":{
						"_translation": "Abbreviate deviation number",
						"_tooltip": "Abbreviate the deviation vs previous number",
						"_valueTooltip": "Default false"
					},
				},
				"total": {
					"_translation": "Total number",
					"_tooltip": "Settings for total number",
					
					"fontWeight":{
						"_translation": "Set font weight",
						"_tooltip": "Set font weight for the total number",
						"_valueTooltip": "Default inherit (inherit from upper level font weight)"
					}, 
					"color":{
						"_translation": "Set font color",
						"_tooltip": "Set font color for the total number",
						"_valueTooltip": "Default #666666"
					},
					"fontSize":{
						"_translation": "Set font size",
						"_tooltip": "Set font size for the total number",
						"_valueTooltip": "Default 20px"
					},
					"fontStyle":{
						"_translation": "Set font style",
						"_tooltip": "Set font style for the total number",
						"_valueTooltip": "Default inherit (inherit from upper level font style)"
					},
					"decimalPlaces":{
						"_translation": "Decimal places shown",
						"_tooltip": "Set decimal places for the total number",
						"_valueTooltip": "Default 0"
					}, 
					"percentValue":{
						"_translation": "Show percent sign",
						"_tooltip": "Show percent sign if total number is in percent",
						"_valueTooltip": "Default false"
					},
					"abbreviateNumber":{
						"_translation": "Abbreviate total number",
						"_tooltip": "Abbreviate the total number",
						"_valueTooltip": "Default false"
					},
				},
				"barProperties": {
					"_translation": "Sparkline chart",
					"_tooltip": "Settings for the Sparkline chart",
					
					"height":{
						"_translation": "Height of sparkline chart",
						"_tooltip": "Set height of the sparkline chart",
						"_valueTooltip": "Default 20"
					}, 
					"width":{
						"_translation": "Width of sparkline chart",
						"_tooltip": "Set width of the sparkline chart",
						"_valueTooltip": "Default 5"
					},
					"applyDynamicColorOn":{
						"_translation": "Apply dynamic color to",
						"_tooltip": "Apply the dynamic color function to the sparkline or the background",
						"_valueTooltip": "Default sparkline"
					},
					"goodColor":{
						"_translation": "Color - good",
						"_tooltip": "Color that should be shown if value is good",
						"_valueTooltip": "Default #37BF54"
					}, 
					"badColor":{
						"_translation": "Color - bad",
						"_tooltip": "Color that should be shown if value is bad",
						"_valueTooltip": "Default #F53554"
					}, 
					"goodIs":{
						"_translation": "Limit bad to good",
						"_tooltip": "Limit that defines what is good and what is bad",
						"_valueTooltip": "Default >=0"
					}, 
					"disableSparklineChart":{
						"_translation": "Hide sparkline chart",
						"_tooltip": "Completely hide the sparkline chart",
						"_valueTooltip": "Default false"
					},
				}
			}
		},
		"de": {
			"name": "KPI mit Sparkline (flexibel)",
			"description": "KPI mit Sparkline (flexibel) Widget mit jQuery-Sparkline-Plug-in",
			"icon_tooltip": "KPI mit Sparkline (flexibel) Widget mit jQuery-Sparkline-Plug-in", 
			"measure_name": "Kennzahl", 
			"measure_tooltip": "Kennzahl hier ablegen", 
			"xaxis_name": "Dimension (Zeit)", 
			"xaxis_tooltip": "Dimension hier ablegen",
			
			"properties": {
				"type": {
					"_translation": "Charttype of Sparkline",
					"_tooltip": "Change the charttype of the sparkline chart",
                    "_valueTooltip": "Default bar"
				},								
				"color": {
					"_translation": "Set font color - NOT IN USE",
					"_tooltip": "NOT IN USE - Change the color on every element separately",
                    "_valueTooltip": "Default #666666"
				},	
				"fontFamily": {
					"_translation": "Set font family",
					"_tooltip": "Set font family",
                    "_valueTooltip": "Default 'Open Sans'"
				},	
				"fontSize": {
					"_translation": "Set font size",
					"_tooltip": "Set font size",
                    "_valueTooltip": "Default 12px"
				},
				"fontStyle": {
					"_translation": "Set font size",
					"_tooltip": "Set font size",
                    "_valueTooltip": "Default normal"
				},
				"setCDN": {
					"_translation": "Enable regional number format (not visible in Designer)",
					"_tooltip": "Changes the thousand and decimal separator to the WebFOCUS system setting - not visible in Designer",
                    "_valueTooltip": "Default false"
				},
				"squareDesign": {
					"_translation": "Display extension in square design",
					"_tooltip": "The extension will be in a square design with four lines instead of two lines",
                    "_valueTooltip": "Default false"
				},
				"aggregateValues": {
					"_translation": "Aggregate values",
					"_tooltip": "All month values will be aggregated in total value, change and sparkline",
                    "_valueTooltip": "Default false"
				},
				"measureName": {
					"_translation": "Measure name",
					"_tooltip": "Settings for measure name",
				
					"fontWeight":{
						"_translation": "Set font weight",
						"_tooltip": "Set font weight for the measure name",
						"_valueTooltip": "Default bold"
					},
					"color":{
						"_translation": "Set font color",
						"_tooltip": "Set font color for the measure name",
						"_valueTooltip": "Default #666666"
					},
					"fontSize":{
						"_translation": "Set font size",
						"_tooltip": "Set font size for the measure name",
						"_valueTooltip": "Default 12px"
					},
					"fontStyle":{
						"_translation": "Set font style",
						"_tooltip": "Set font style for the measure name",
						"_valueTooltip": "Default inherit (inherit from upper level font style)"
					},
				},
				"deviationVsPrevious": {
					"_translation": "Deviation vs previous",
					"_tooltip": "Settings for deviation vs previous",
				
					"color":{
						"_translation": "Set font color",
						"_tooltip": "Set font color for the deviation vs previous",
						"_valueTooltip": "Default #666666"
					},
					"fontSize":{
						"_translation": "Set font size",
						"_tooltip": "Set font size for the deviation vs previous",
						"_valueTooltip": "Default 12px"
					}, 
					"fontStyle":{
						"_translation": "Set font style",
						"_tooltip": "Set font style for the deviation vs previous",
						"_valueTooltip": "Default inherit (inherit from upper level font style)"
					}, 
					"decimalPlaces":{
						"_translation": "Decimal places shown",
						"_tooltip": "Set decimal places for the deviation vs previous",
						"_valueTooltip": "Default 1"
					},
					"deviationInPercent":{
						"_translation": "Deviation vs previous in percent",
						"_tooltip": "Show deviation vs previous as percent value",
						"_valueTooltip": "Default false"
					},
					"deviationTimeframe":{
						"_translation": "Deviation vs previous text",
						"_tooltip": "Change the deviation top previous text element",
						"_valueTooltip": "Default vs prev month"
					},
					"disableDeviation":{
						"_translation": "Hide deviation vs previous element",
						"_tooltip": "Completely hide the deviation vs previous element",
						"_valueTooltip": "Default false"
					}, 
					"abbreviateNumber":{
						"_translation": "Abbreviate deviation number",
						"_tooltip": "Abbreviate the deviation vs previous number",
						"_valueTooltip": "Default false"
					},
				},
				"total": {
					"_translation": "Total number",
					"_tooltip": "Settings for total number",
					
					"fontWeight":{
						"_translation": "Set font weight",
						"_tooltip": "Set font weight for the total number",
						"_valueTooltip": "Default inherit (inherit from upper level font weight)"
					}, 
					"color":{
						"_translation": "Set font color",
						"_tooltip": "Set font color for the total number",
						"_valueTooltip": "Default #666666"
					},
					"fontSize":{
						"_translation": "Set font size",
						"_tooltip": "Set font size for the total number",
						"_valueTooltip": "Default 20px"
					},
					"fontStyle":{
						"_translation": "Set font style",
						"_tooltip": "Set font style for the total number",
						"_valueTooltip": "Default inherit (inherit from upper level font style)"
					},
					"decimalPlaces":{
						"_translation": "Decimal places shown",
						"_tooltip": "Set decimal places for the total number",
						"_valueTooltip": "Default 0"
					}, 
					"percentValue":{
						"_translation": "Show percent sign",
						"_tooltip": "Show percent sign if total number is in percent",
						"_valueTooltip": "Default false"
					},
					"abbreviateNumber":{
						"_translation": "Abbreviate total number",
						"_tooltip": "Abbreviate the total number",
						"_valueTooltip": "Default false"
					},
				},
				"barProperties": {
					"_translation": "Sparkline chart",
					"_tooltip": "Settings for the Sparkline chart",
					
					"height":{
						"_translation": "Height of sparkline chart",
						"_tooltip": "Set height of the sparkline chart",
						"_valueTooltip": "Default 20"
					}, 
					"width":{
						"_translation": "Width of sparkline chart",
						"_tooltip": "Set width of the sparkline chart",
						"_valueTooltip": "Default 5"
					},
					"applyDynamicColorOn":{
						"_translation": "Apply dynamic color to",
						"_tooltip": "Apply the dynamic color function to the sparkline or the background",
						"_valueTooltip": "Default sparkline"
					},
					"goodColor":{
						"_translation": "Color - good",
						"_tooltip": "Color that should be shown if value is good",
						"_valueTooltip": "Default #37BF54"
					}, 
					"badColor":{
						"_translation": "Color - bad",
						"_tooltip": "Color that should be shown if value is bad",
						"_valueTooltip": "Default #F53554"
					}, 
					"goodIs":{
						"_translation": "Limit bad to good",
						"_tooltip": "Limit that defines what is good and what is bad",
						"_valueTooltip": "Default >=0"
					}, 
					"disableSparklineChart":{
						"_translation": "Hide sparkline chart",
						"_tooltip": "Completely hide the sparkline chart",
						"_valueTooltip": "Default false"
					},
				}
			}
		},
		"pt_BR": {
			"name": "KPI com Sparkline (flexível)",
			"description": "Widget do KPI com Sparkline (flexível) utilizando o plug-in jQuery Sparkline.",
			"icon_tooltip": "Widget do KPI com Sparkline (flexível) utilizando o plug-in jQuery Sparkline.", 
			"measure_name": "Medida", 
			"measure_tooltip": "Solte uma medida aqui", 
			"xaxis_name": "Dimensão (tempo)", 
			"xaxis_tooltip": "Solte uma dimensão aqui",
			
			"properties": {
				"type": {
					"_translation": "Charttype of Sparkline",
					"_tooltip": "Change the charttype of the sparkline chart",
                    "_valueTooltip": "Default bar"
				},								
				"color": {
					"_translation": "Set font color - NOT IN USE",
					"_tooltip": "NOT IN USE - Change the color on every element separately",
                    "_valueTooltip": "Default #666666"
				},	
				"fontFamily": {
					"_translation": "Set font family",
					"_tooltip": "Set font family",
                    "_valueTooltip": "Default 'Open Sans'"
				},	
				"fontSize": {
					"_translation": "Set font size",
					"_tooltip": "Set font size",
                    "_valueTooltip": "Default 12px"
				},
				"fontStyle": {
					"_translation": "Set font size",
					"_tooltip": "Set font size",
                    "_valueTooltip": "Default normal"
				},
				"setCDN": {
					"_translation": "Enable regional number format (not visible in Designer)",
					"_tooltip": "Changes the thousand and decimal separator to the WebFOCUS system setting - not visible in Designer",
                    "_valueTooltip": "Default false"
				},
				"squareDesign": {
					"_translation": "Display extension in square design",
					"_tooltip": "The extension will be in a square design with four lines instead of two lines",
                    "_valueTooltip": "Default false"
				},
				"aggregateValues": {
					"_translation": "Aggregate values",
					"_tooltip": "All month values will be aggregated in total value, change and sparkline",
                    "_valueTooltip": "Default false"
				},
				"measureName": {
					"_translation": "Measure name",
					"_tooltip": "Settings for measure name",
				
					"fontWeight":{
						"_translation": "Set font weight",
						"_tooltip": "Set font weight for the measure name",
						"_valueTooltip": "Default bold"
					},
					"color":{
						"_translation": "Set font color",
						"_tooltip": "Set font color for the measure name",
						"_valueTooltip": "Default #666666"
					},
					"fontSize":{
						"_translation": "Set font size",
						"_tooltip": "Set font size for the measure name",
						"_valueTooltip": "Default 12px"
					},
					"fontStyle":{
						"_translation": "Set font style",
						"_tooltip": "Set font style for the measure name",
						"_valueTooltip": "Default inherit (inherit from upper level font style)"
					},
				},
				"deviationVsPrevious": {
					"_translation": "Deviation vs previous",
					"_tooltip": "Settings for deviation vs previous",
				
					"color":{
						"_translation": "Set font color",
						"_tooltip": "Set font color for the deviation vs previous",
						"_valueTooltip": "Default #666666"
					},
					"fontSize":{
						"_translation": "Set font size",
						"_tooltip": "Set font size for the deviation vs previous",
						"_valueTooltip": "Default 12px"
					}, 
					"fontStyle":{
						"_translation": "Set font style",
						"_tooltip": "Set font style for the deviation vs previous",
						"_valueTooltip": "Default inherit (inherit from upper level font style)"
					}, 
					"decimalPlaces":{
						"_translation": "Decimal places shown",
						"_tooltip": "Set decimal places for the deviation vs previous",
						"_valueTooltip": "Default 1"
					},
					"deviationInPercent":{
						"_translation": "Deviation vs previous in percent",
						"_tooltip": "Show deviation vs previous as percent value",
						"_valueTooltip": "Default false"
					},
					"deviationTimeframe":{
						"_translation": "Deviation vs previous text",
						"_tooltip": "Change the deviation top previous text element",
						"_valueTooltip": "Default vs prev month"
					},
					"disableDeviation":{
						"_translation": "Hide deviation vs previous element",
						"_tooltip": "Completely hide the deviation vs previous element",
						"_valueTooltip": "Default false"
					}, 
					"abbreviateNumber":{
						"_translation": "Abbreviate deviation number",
						"_tooltip": "Abbreviate the deviation vs previous number",
						"_valueTooltip": "Default false"
					},
				},
				"total": {
					"_translation": "Total number",
					"_tooltip": "Settings for total number",
					
					"fontWeight":{
						"_translation": "Set font weight",
						"_tooltip": "Set font weight for the total number",
						"_valueTooltip": "Default inherit (inherit from upper level font weight)"
					}, 
					"color":{
						"_translation": "Set font color",
						"_tooltip": "Set font color for the total number",
						"_valueTooltip": "Default #666666"
					},
					"fontSize":{
						"_translation": "Set font size",
						"_tooltip": "Set font size for the total number",
						"_valueTooltip": "Default 20px"
					},
					"fontStyle":{
						"_translation": "Set font style",
						"_tooltip": "Set font style for the total number",
						"_valueTooltip": "Default inherit (inherit from upper level font style)"
					},
					"decimalPlaces":{
						"_translation": "Decimal places shown",
						"_tooltip": "Set decimal places for the total number",
						"_valueTooltip": "Default 0"
					}, 
					"percentValue":{
						"_translation": "Show percent sign",
						"_tooltip": "Show percent sign if total number is in percent",
						"_valueTooltip": "Default false"
					},
					"abbreviateNumber":{
						"_translation": "Abbreviate total number",
						"_tooltip": "Abbreviate the total number",
						"_valueTooltip": "Default false"
					},
				},
				"barProperties": {
					"_translation": "Sparkline chart",
					"_tooltip": "Settings for the Sparkline chart",
					
					"height":{
						"_translation": "Height of sparkline chart",
						"_tooltip": "Set height of the sparkline chart",
						"_valueTooltip": "Default 20"
					}, 
					"width":{
						"_translation": "Width of sparkline chart",
						"_tooltip": "Set width of the sparkline chart",
						"_valueTooltip": "Default 5"
					},
					"applyDynamicColorOn":{
						"_translation": "Apply dynamic color to",
						"_tooltip": "Apply the dynamic color function to the sparkline or the background",
						"_valueTooltip": "Default sparkline"
					},
					"goodColor":{
						"_translation": "Color - good",
						"_tooltip": "Color that should be shown if value is good",
						"_valueTooltip": "Default #37BF54"
					}, 
					"badColor":{
						"_translation": "Color - bad",
						"_tooltip": "Color that should be shown if value is bad",
						"_valueTooltip": "Default #F53554"
					}, 
					"goodIs":{
						"_translation": "Limit bad to good",
						"_tooltip": "Limit that defines what is good and what is bad",
						"_valueTooltip": "Default >=0"
					}, 
					"disableSparklineChart":{
						"_translation": "Hide sparkline chart",
						"_tooltip": "Completely hide the sparkline chart",
						"_valueTooltip": "Default false"
					},
				}
			}
		},
		"es": {
			"name": "KPI con Sparkline (flexible)",
			"description": "KPI con Sparkline (flexible) Widget usando el complemento jQuery Sparkline.",
			"icon_tooltip": "KPI con Sparkline (flexible) Widget usando el complemento jQuery Sparkline.", 
			"measure_name": "Medida", 
			"measure_tooltip": "Soltar aquí una medida", 
			"xaxis_name": "Dimensión (tiempo)", 
			"xaxis_tooltip": "Soltar aquí una dimensión",
			
			"properties": {
				"type": {
					"_translation": "Charttype of Sparkline",
					"_tooltip": "Change the charttype of the sparkline chart",
                    "_valueTooltip": "Default bar"
				},								
				"color": {
					"_translation": "Set font color - NOT IN USE",
					"_tooltip": "NOT IN USE - Change the color on every element separately",
                    "_valueTooltip": "Default #666666"
				},	
				"fontFamily": {
					"_translation": "Set font family",
					"_tooltip": "Set font family",
                    "_valueTooltip": "Default 'Open Sans'"
				},	
				"fontSize": {
					"_translation": "Set font size",
					"_tooltip": "Set font size",
                    "_valueTooltip": "Default 12px"
				},
				"fontStyle": {
					"_translation": "Set font size",
					"_tooltip": "Set font size",
                    "_valueTooltip": "Default normal"
				},
				"setCDN": {
					"_translation": "Enable regional number format (not visible in Designer)",
					"_tooltip": "Changes the thousand and decimal separator to the WebFOCUS system setting - not visible in Designer",
                    "_valueTooltip": "Default false"
				},
				"squareDesign": {
					"_translation": "Display extension in square design",
					"_tooltip": "The extension will be in a square design with four lines instead of two lines",
                    "_valueTooltip": "Default false"
				},
				"aggregateValues": {
					"_translation": "Aggregate values",
					"_tooltip": "All month values will be aggregated in total value, change and sparkline",
                    "_valueTooltip": "Default false"
				},
				"measureName": {
					"_translation": "Measure name",
					"_tooltip": "Settings for measure name",
				
					"fontWeight":{
						"_translation": "Set font weight",
						"_tooltip": "Set font weight for the measure name",
						"_valueTooltip": "Default bold"
					},
					"color":{
						"_translation": "Set font color",
						"_tooltip": "Set font color for the measure name",
						"_valueTooltip": "Default #666666"
					},
					"fontSize":{
						"_translation": "Set font size",
						"_tooltip": "Set font size for the measure name",
						"_valueTooltip": "Default 12px"
					},
					"fontStyle":{
						"_translation": "Set font style",
						"_tooltip": "Set font style for the measure name",
						"_valueTooltip": "Default inherit (inherit from upper level font style)"
					},
				},
				"deviationVsPrevious": {
					"_translation": "Deviation vs previous",
					"_tooltip": "Settings for deviation vs previous",
				
					"color":{
						"_translation": "Set font color",
						"_tooltip": "Set font color for the deviation vs previous",
						"_valueTooltip": "Default #666666"
					},
					"fontSize":{
						"_translation": "Set font size",
						"_tooltip": "Set font size for the deviation vs previous",
						"_valueTooltip": "Default 12px"
					}, 
					"fontStyle":{
						"_translation": "Set font style",
						"_tooltip": "Set font style for the deviation vs previous",
						"_valueTooltip": "Default inherit (inherit from upper level font style)"
					}, 
					"decimalPlaces":{
						"_translation": "Decimal places shown",
						"_tooltip": "Set decimal places for the deviation vs previous",
						"_valueTooltip": "Default 1"
					},
					"deviationInPercent":{
						"_translation": "Deviation vs previous in percent",
						"_tooltip": "Show deviation vs previous as percent value",
						"_valueTooltip": "Default false"
					},
					"deviationTimeframe":{
						"_translation": "Deviation vs previous text",
						"_tooltip": "Change the deviation top previous text element",
						"_valueTooltip": "Default vs prev month"
					},
					"disableDeviation":{
						"_translation": "Hide deviation vs previous element",
						"_tooltip": "Completely hide the deviation vs previous element",
						"_valueTooltip": "Default false"
					}, 
					"abbreviateNumber":{
						"_translation": "Abbreviate deviation number",
						"_tooltip": "Abbreviate the deviation vs previous number",
						"_valueTooltip": "Default false"
					},
				},
				"total": {
					"_translation": "Total number",
					"_tooltip": "Settings for total number",
					
					"fontWeight":{
						"_translation": "Set font weight",
						"_tooltip": "Set font weight for the total number",
						"_valueTooltip": "Default inherit (inherit from upper level font weight)"
					}, 
					"color":{
						"_translation": "Set font color",
						"_tooltip": "Set font color for the total number",
						"_valueTooltip": "Default #666666"
					},
					"fontSize":{
						"_translation": "Set font size",
						"_tooltip": "Set font size for the total number",
						"_valueTooltip": "Default 20px"
					},
					"fontStyle":{
						"_translation": "Set font style",
						"_tooltip": "Set font style for the total number",
						"_valueTooltip": "Default inherit (inherit from upper level font style)"
					},
					"decimalPlaces":{
						"_translation": "Decimal places shown",
						"_tooltip": "Set decimal places for the total number",
						"_valueTooltip": "Default 0"
					}, 
					"percentValue":{
						"_translation": "Show percent sign",
						"_tooltip": "Show percent sign if total number is in percent",
						"_valueTooltip": "Default false"
					},
					"abbreviateNumber":{
						"_translation": "Abbreviate total number",
						"_tooltip": "Abbreviate the total number",
						"_valueTooltip": "Default false"
					},
				},
				"barProperties": {
					"_translation": "Sparkline chart",
					"_tooltip": "Settings for the Sparkline chart",
					
					"height":{
						"_translation": "Height of sparkline chart",
						"_tooltip": "Set height of the sparkline chart",
						"_valueTooltip": "Default 20"
					}, 
					"width":{
						"_translation": "Width of sparkline chart",
						"_tooltip": "Set width of the sparkline chart",
						"_valueTooltip": "Default 5"
					},
					"applyDynamicColorOn":{
						"_translation": "Apply dynamic color to",
						"_tooltip": "Apply the dynamic color function to the sparkline or the background",
						"_valueTooltip": "Default sparkline"
					},
					"goodColor":{
						"_translation": "Color - good",
						"_tooltip": "Color that should be shown if value is good",
						"_valueTooltip": "Default #37BF54"
					}, 
					"badColor":{
						"_translation": "Color - bad",
						"_tooltip": "Color that should be shown if value is bad",
						"_valueTooltip": "Default #F53554"
					}, 
					"goodIs":{
						"_translation": "Limit bad to good",
						"_tooltip": "Limit that defines what is good and what is bad",
						"_valueTooltip": "Default >=0"
					}, 
					"disableSparklineChart":{
						"_translation": "Hide sparkline chart",
						"_tooltip": "Completely hide the sparkline chart",
						"_valueTooltip": "Default false"
					},
				}
			}
		},
		"fr": {
			"name": "KPI avec Sparkline (flexible)",
			"description": "Widget KPI avec Sparkline (flexible) avec le plug-in jQuery Sparkline.",
			"icon_tooltip": "Widget KPI avec Sparkline (flexible) avec le plug-in jQuery Sparkline.", 
			"measure_name": "Mesure", 
			"measure_tooltip": "Déposer une mesure ici", 
			"xaxis_name": "Dimension (temps)", 
			"xaxis_tooltip": "Déposer une dimension ici",
			
			"properties": {
				"type": {
					"_translation": "Charttype of Sparkline",
					"_tooltip": "Change the charttype of the sparkline chart",
                    "_valueTooltip": "Default bar"
				},								
				"color": {
					"_translation": "Set font color - NOT IN USE",
					"_tooltip": "NOT IN USE - Change the color on every element separately",
                    "_valueTooltip": "Default #666666"
				},	
				"fontFamily": {
					"_translation": "Set font family",
					"_tooltip": "Set font family",
                    "_valueTooltip": "Default 'Open Sans'"
				},	
				"fontSize": {
					"_translation": "Set font size",
					"_tooltip": "Set font size",
                    "_valueTooltip": "Default 12px"
				},
				"fontStyle": {
					"_translation": "Set font size",
					"_tooltip": "Set font size",
                    "_valueTooltip": "Default normal"
				},
				"setCDN": {
					"_translation": "Enable regional number format (not visible in Designer)",
					"_tooltip": "Changes the thousand and decimal separator to the WebFOCUS system setting - not visible in Designer",
                    "_valueTooltip": "Default false"
				},
				"squareDesign": {
					"_translation": "Display extension in square design",
					"_tooltip": "The extension will be in a square design with four lines instead of two lines",
                    "_valueTooltip": "Default false"
				},
				"aggregateValues": {
					"_translation": "Aggregate values",
					"_tooltip": "All month values will be aggregated in total value, change and sparkline",
                    "_valueTooltip": "Default false"
				},
				"measureName": {
					"_translation": "Measure name",
					"_tooltip": "Settings for measure name",
				
					"fontWeight":{
						"_translation": "Set font weight",
						"_tooltip": "Set font weight for the measure name",
						"_valueTooltip": "Default bold"
					},
					"color":{
						"_translation": "Set font color",
						"_tooltip": "Set font color for the measure name",
						"_valueTooltip": "Default #666666"
					},
					"fontSize":{
						"_translation": "Set font size",
						"_tooltip": "Set font size for the measure name",
						"_valueTooltip": "Default 12px"
					},
					"fontStyle":{
						"_translation": "Set font style",
						"_tooltip": "Set font style for the measure name",
						"_valueTooltip": "Default inherit (inherit from upper level font style)"
					},
				},
				"deviationVsPrevious": {
					"_translation": "Deviation vs previous",
					"_tooltip": "Settings for deviation vs previous",
				
					"color":{
						"_translation": "Set font color",
						"_tooltip": "Set font color for the deviation vs previous",
						"_valueTooltip": "Default #666666"
					},
					"fontSize":{
						"_translation": "Set font size",
						"_tooltip": "Set font size for the deviation vs previous",
						"_valueTooltip": "Default 12px"
					}, 
					"fontStyle":{
						"_translation": "Set font style",
						"_tooltip": "Set font style for the deviation vs previous",
						"_valueTooltip": "Default inherit (inherit from upper level font style)"
					}, 
					"decimalPlaces":{
						"_translation": "Decimal places shown",
						"_tooltip": "Set decimal places for the deviation vs previous",
						"_valueTooltip": "Default 1"
					},
					"deviationInPercent":{
						"_translation": "Deviation vs previous in percent",
						"_tooltip": "Show deviation vs previous as percent value",
						"_valueTooltip": "Default false"
					},
					"deviationTimeframe":{
						"_translation": "Deviation vs previous text",
						"_tooltip": "Change the deviation top previous text element",
						"_valueTooltip": "Default vs prev month"
					},
					"disableDeviation":{
						"_translation": "Hide deviation vs previous element",
						"_tooltip": "Completely hide the deviation vs previous element",
						"_valueTooltip": "Default false"
					}, 
					"abbreviateNumber":{
						"_translation": "Abbreviate deviation number",
						"_tooltip": "Abbreviate the deviation vs previous number",
						"_valueTooltip": "Default false"
					},
				},
				"total": {
					"_translation": "Total number",
					"_tooltip": "Settings for total number",
					
					"fontWeight":{
						"_translation": "Set font weight",
						"_tooltip": "Set font weight for the total number",
						"_valueTooltip": "Default inherit (inherit from upper level font weight)"
					}, 
					"color":{
						"_translation": "Set font color",
						"_tooltip": "Set font color for the total number",
						"_valueTooltip": "Default #666666"
					},
					"fontSize":{
						"_translation": "Set font size",
						"_tooltip": "Set font size for the total number",
						"_valueTooltip": "Default 20px"
					},
					"fontStyle":{
						"_translation": "Set font style",
						"_tooltip": "Set font style for the total number",
						"_valueTooltip": "Default inherit (inherit from upper level font style)"
					},
					"decimalPlaces":{
						"_translation": "Decimal places shown",
						"_tooltip": "Set decimal places for the total number",
						"_valueTooltip": "Default 0"
					}, 
					"percentValue":{
						"_translation": "Show percent sign",
						"_tooltip": "Show percent sign if total number is in percent",
						"_valueTooltip": "Default false"
					},
					"abbreviateNumber":{
						"_translation": "Abbreviate total number",
						"_tooltip": "Abbreviate the total number",
						"_valueTooltip": "Default false"
					},
				},
				"barProperties": {
					"_translation": "Sparkline chart",
					"_tooltip": "Settings for the Sparkline chart",
					
					"height":{
						"_translation": "Height of sparkline chart",
						"_tooltip": "Set height of the sparkline chart",
						"_valueTooltip": "Default 20"
					}, 
					"width":{
						"_translation": "Width of sparkline chart",
						"_tooltip": "Set width of the sparkline chart",
						"_valueTooltip": "Default 5"
					},
					"applyDynamicColorOn":{
						"_translation": "Apply dynamic color to",
						"_tooltip": "Apply the dynamic color function to the sparkline or the background",
						"_valueTooltip": "Default sparkline"
					},
					"goodColor":{
						"_translation": "Color - good",
						"_tooltip": "Color that should be shown if value is good",
						"_valueTooltip": "Default #37BF54"
					}, 
					"badColor":{
						"_translation": "Color - bad",
						"_tooltip": "Color that should be shown if value is bad",
						"_valueTooltip": "Default #F53554"
					}, 
					"goodIs":{
						"_translation": "Limit bad to good",
						"_tooltip": "Limit that defines what is good and what is bad",
						"_valueTooltip": "Default >=0"
					}, 
					"disableSparklineChart":{
						"_translation": "Hide sparkline chart",
						"_tooltip": "Completely hide the sparkline chart",
						"_valueTooltip": "Default false"
					},
				}
			}
		}
	}
}