{
    "info": {
        "version": 1.0,
        "implements_api_version": 1.0,
        "author": "Anthony Alsford Information Builders (UK) Ltd",
        "copyright": "Information Builders Inc.",
        "url": "",
        "icons": {
            "medium": "icons/medium.png"
        }
    },
    
    "properties": {
      "axes": {
        "x": {
          "pixelsPerLabel": 70,
          "axisLabelWidth": 60,
          "axisLineColor": "rgb(0,0,0)",
          "axisLabelFontSize": 14,
          "axisLineWidth": 0.3,
          "axisTickSize": 3.0,
          "drawGrid": true,
          "gridLinePattern": [0],
          "gridLineColor": "black",
          "gridLineWidth": 0.3,
          "drawAxis": true,
          "independentTicks": true
        },
        "y": {
          "pixelsPerLabel": 30,
          "axisLabelWidth": 50,
          "axisLineColor": "rgb(0,0,0)",
          "axisLabelFontSize": 14,
          "axisLineWidth": 0.3,
          "axisTickSize": 3.0,
          "drawGrid": true,
          "gridLinePattern": [0],
          "gridLineColor": "black",
          "gridLineWidth": 0.3,
          "drawAxis": true,
          "independentTicks": true
        }
      },
      "colors": ["rgb(102,128,0)","rgb(102,0,128)","rgb(0,51,128)","rgb(0,128,51)"],
      "titleHeight": 28,
      "xLabelHeight": 18,
      "yLabelWidth": 18,
      "labelsKMB": "K",
      "labelsSeparateLines": true,
      "legend": "always",
      "title": "DyGraph Extension",
      "customBars": false,
      "errorBars": false,
      "showRoller": false,
      "rollPeriod": 14,
      "gridLineWidth": 0.15,
      "ylabel": "Sales",
      "xlabel": "Date",
      "panEdgeFraction": 0.03,
      "includeZero": false,
      "logscale": false,
      "maxNumberWidth": 12,
      "connectSeparatedPoints": false,
      "drawGapEdgePoints": false,
      "animatedZooms": false,
      "stackedGraph": false,
      "fillGraph": false,
      "stepPlot": false,
      "displayAnnotations": true,
      "xAxisHeight": 40,
      "drawAxesAtZero": true,
      "showRangeSelector": false,
      "rangeSelectorAlpha": 0.6,
      "rangeSelectorHeight": 40,
      "rangeSelectorPlotFillColor": "#a7b1c4",
      "rangeSelectorPlotFillGradientColor": "white",
      "rangeSelectorPlotLineWidth": 1.5,
      "rangeSelectorPlotStrokeColor": "#808fab",
      "rangeSelectorForegroundLineWidth": 1,
      "rangeSelectorForegroundStrokeColor": "black",
      "rangeSelectorBackgroundLineWidth": 1,
      "rangeSelectorBackgroundStrokeColor": "gray"
    },
    
    "propertyAnnotations": {
      "axes": {
        "x": {
          "pixelsPerLabel": "number",
          "axisLabelWidth": "number",
          "axisLineColor": "color",
          "axisLabelFontSize": "number",
          "axisLineWidth": "number",
          "axisTickSize": "number",
          "drawGrid": "bool",
          "gridLinePattern": "array",
          "gridLineColor": "color",
          "gridLineWidth": "number",
          "drawAxis": "bool",
          "independentTicks": "bool"
        },
        "y": {
          "pixelsPerLabel": "number",
          "axisLabelWidth": "number",
          "axisLineColor": "color",
          "axisLabelFontSize": "number",
          "axisLineWidth": "number",
          "axisTickSize": "number",
          "drawGrid": "bool",
          "gridLinePattern": "array",
          "gridLineColor": "color",
          "gridLineWidth": "number",
          "drawAxis": "bool",
          "independentTicks": "bool"
        }
      },
      "colors": {
          "typeAnnotation": "array",
          "arrayTypes": "color"
      },
      "titleHeight": "number",
      "xLabelHeight": "number",
      "yLabelWidth": "number",
      "labelsKMB": "str",
      "labelsSeparateLines": "bool",
      "legend": "str",
      "title": "str",
      "customBars": "bool",
      "errorBars": "bool",
      "showRoller": "bool",
      "rollPeriod": "number",
      "gridLineWidth": "number",
      "ylabel": "str",
      "xlabel": "str",
      "panEdgeFraction": "number",
      "includeZero": "bool",
      "logscale": "bool",
      "maxNumberWidth": "number",
      "connectSeparatedPoints": "bool",
      "drawGapEdgePoints": "bool",
      "animatedZooms": "bool",
      "stackedGraph": "bool",
      "fillGraph": "bool",
      "stepPlot": "bool",
      "displayAnnotations": "bool",
      "xAxisHeight": "number",
      "drawAxesAtZero": "bool",
      "showRangeSelector": "bool",
      "rangeSelectorAlpha": "number",
      "rangeSelectorHeight": "number",
      "rangeSelectorPlotFillColor": "color",
      "rangeSelectorPlotFillGradientColor": "color",
      "rangeSelectorPlotLineWidth": "number",
      "rangeSelectorPlotStrokeColor": "color",
      "rangeSelectorForegroundLineWidth": "number",
      "rangeSelectorForegroundStrokeColor": "color",
      "rangeSelectorBackgroundLineWidth": "number",
      "rangeSelectorBackgroundStrokeColor": "color"
    },
    
    "dataBuckets":  {
    
        "tooltip": false,
        "matrix": false,
        "data_page": false,
        "series_break": false,

        "buckets": [
            {
                "id": "value",
                "type": "measure",
                "count": {
                    "min": 1,
                    "max": 4
                }
            },
            {
                "id": "timeline",
                "type": "dimension",
                "count": {
                    "min": 1,
                    "max": 1
                }
            }
        ]
    },

    "translations": {
        "en": {
            "name": "DyGraph Chart",
            "description": "DyGraph Chart",
            "icon_tooltip": "This extension creates a timeline chart using the DyGraph library.",
            "value_name": "Value Bucket",
            "value_tooltip": "Drop a measure here",
            "timeline_name": "Time Line Bucket",
            "timeline_tooltip": "Drop a measure here"
        }
    }
}