
{
	"info": {
		"version": 1.0,
		"implements_api_version": 1.0,
		"author": "Information Builders",
		"copyright": "Information Builders Inc.",
		"url": "https://github.com/ibi/wf-extensions-chart/tree/master/com.ibi.hiearachy",
		"icons": {
			"medium": "icons/medium.png"
		}
	},
	
	"properties": {
		colorRange: ['#ff0000', '#008000']
	},
	
	"propertyAnnotations": {
		colorRange: {
			"typeAnnotation": "array",
			"arrayTypes": "color"
		}
	},
	
	"dataBuckets":  {
		"tooltip": false,
		"matrix": false,
		"data_page": false,
		"series_break": false,

		"buckets": [
	      {
	        "id": "levels",
	        "type": "dimension",
	        "count": {
	          "min": 1,
	          "max": 100
	        }
	      },
	      {
	        "id": "value",
	        "type": "measure",
	        "count": {
	          "min": 0,
	          "max": 1
	        }
	      }
	    ]
	},

	"translations": {
		"en": {
			"name": "Organization Chart",
			"description": "Very Simple Organization Chart.",
			"icon_tooltip": "This extension is good for visualization of hierarchical data sets.",
			"levels_name": "Levels Bucket",
			"levels_tooltip": "Drop a dimension here",
			"value_name": "Value Bucket",
			"value_tooltip": "Drop a measure here"
		}
	}
}