
{
	"info": {
		"version": 1.0,
		"implements_api_version": 1.0,
		"author": "Information Builders",
		"copyright": "Information Builders Inc.",
		"url": "https://github.com/ibi/wf-extensions-chart/tree/master/com.ibi.hiearachy",
		"icons": {
			"medium": "icons/medium.png"
		}
	},
	
	"properties": {
		"node" : {
			"colorRange": ["red", "yellow", "green"],
			"label": {
				"font" : "14px serif"
			},
			"toolTip": {
				"format" : "auto"
			},
			"border": {
				"width": 1,
				"color": "grey",
				"round": 5
			}
		},
		"colorLegend": {
            "enabled": true,
            "background": {
                "color": "white"
            },
            "border": {
                "color": "black",
                "width": 1,
                "round": 2
            },
            "title": {
                "font": "16px serif",
                "color": "black"
            },
            "rows": {
                "count": "auto",
                "labels": {
                    "font": "10px serif",
                    "color": "black",
                    "format": "auto"
                }
            }
        }
	},
	
	"propertyAnnotations": {
		"node" : {
			"colorRange": {
				"typeAnnotation": "array",
				"arrayTypes": "color"
			},
			"label": {
				"font" : "str"
			},
			"toolTip": {
				"format" : "str"
			},
			"border": {
				"width": "number",
				"color": "color",
				"round": "number"
			}
		},
        "colorLegend": {
            "enabled": "bool",
            "background": {
                "color": "str"
            },
            "border": {
                "color": "str",
                "width": "number",
                "round": "number"
            },
            "title": {
                "font": "str",
                "color": "color"
            },
            "rows": {
                "count": {
					"typeAnnotation": "type",
					"typeValues": ["number", "str"],
					"stringValues": ["auto"]
				},
                "labels": {
                    "font": "str",
                    "color": "color",
                    "format": "str"
                }
            }
        }
	},
	
	"dataBuckets":  {
		"tooltip": false,
		"matrix": false,
		"data_page": false,
		"series_break": false,

		"buckets": [
	      {
	        "id": "levels",
	        "type": "dimension",
	        "count": {
	          "min": 1,
	          "max": 100
	        }
	      },
	      {
	        "id": "value",
	        "type": "measure",
	        "count": {
	          "min": 0,
	          "max": 1
	        }
	      }
	    ]
	},

	"translations": {
		"en": {
			"name": "Organization Chart",
			"description": "Very Simple Organization Chart.",
			"icon_tooltip": "This extension is good for visualization of hierarchical data sets.",
			"levels_name": "Levels (DIM)",
			"levels_tooltip": "Drop a dimension here",
			"value_name": "Value (MES)",
			"value_tooltip": "Drop a measure here"
		}
	}
}