{
	"info": {
		"version": 1.0,
		"implements_api_version": 1.0,
		"author": "Anthony Alsford Information Builders (UK) Ltd",
		"copyright": "Information Builders Inc.",
		"url": "https://github.com/ibi/wf-extensions-chart/tree/master/com.ibi.corona",
		"icons": {
			"medium": "icons/medium.png"
		}
	},
	
	"properties": {
        "title": {
            "visible": true,
			"text": "",
			"align": "centre",
			"color": "rgb(102,30,117)"
        },
        "datarange": {
            "inc_zero": true,
        },
        "ringreference": {
            "visible": true,
        },
        "ringlabels": {
            "visible": true,
            "angle": 345
        },
        "backcolors": {
            "stopcolor1": "rgb(255,255,255)",
            "stopcolor2": "rgb(255,255,255)"
        },
        "radialcolor": {
            "stopcolor1": "rgb(102,30,117)",
            "stopopacity1": 1,
            "stopcolor2": "rgb(145,43,167)",
            "stopopacity2": 0.25
        },
        "labels": {
            "radial": {
                "color": "rgb(102,30,117)"
            },
            "centre": {
                "color": "rgb(102,30,117)"
            }
        }
	},
	
	"propertyAnnotations": {
        "title": {
            "visible": "bool",
			"text": "str",
			"align": "str",
			"color": "str"
        },
        "datarange": {
            "inc_zero": "bool",
        },
        "ringreference": {
            "visible": "bool",
        },
        "ringlabels": {
            "visible": "bool",
            "angle": "number"
        },
        "backcolors": {
            "stopcolor1": "str",
            "stopcolor2": "str"
        },
        "radialcolor": {
            "stopcolor1": "str",
            "stopopacity1": "number",
            "stopcolor2": "str",
            "stopopacity2": "number"
        },
		"labels": {
		    "radial": {
		        "color": "str"
			},
		    "centre": {
		        "color": "str"
			}
		}
	},
	
	"dataBuckets":  {
	
		"tooltip": false,
		"matrix": false,
		"data_page": false,
		"series_break": false,

		"buckets": [
			{
				"id": "value",
				"type": "measure",
				"count": {
					"min": 1,
					"max": 1
				}
			},
			{
				"id": "radial",
				"type": "dimension",
				"count": {
					"min": 1,
					"max": 1
				}
			},
			{
				"id": "series",
				"type": "dimension",
				"count": {
					"min": 1,
					"max": 1
				}
			}
		]
	},

	"translations": {
		"en": {
			"name": "Corona Chart",
			"description": "Corona Chart",
			"icon_tooltip": "This extension describes a radial chart with each series represented within a closed loop, smooth lined SVG path.", 
			"value_name": "Value Bucket", 
			"value_tooltip": "Drop a measure here", 
			"radial_name": "Radial Bucket", 
			"radial_tooltip": "Drop a measure here", 
			"series_name": "Series Bucket", 
			"series_tooltip": "Drop a dimension here"
		}
	}
}