{
	"info": {
		"version": 1.0,
		"implements_api_version": 1.0,
		"author": "Information Builders",
		"copyright": "Information Builders Inc.",
		"license": "BSD 3-clause",
		"url": "https://github.com/ibi/wf-extensions-chart/tree/master/simple_bar%20example",
		"icons": {
			"medium": "icons/medium.png"
		}
	},
	
	"properties": {
		"chartHeadroom": 50
	},
	
	"propertyAnnotations": {
		"chartHeadroom": "number"
	},
	
	"dataBuckets":  {
	
		"buckets": [
			{
				"id": "source",
				"type": "dimension",
				"count": {
					"min": 0,
					"max": 1
				}
			},
			{
				"id": "target",
				"type": "dimension",
				"count": {
					"min": 0,
					"max": 1
				}
			},
			{
				"id": "value",
				"type": "measure",
				"count": {
					"min": 0,
					"max": 1
				}
			}
		]
	},

	"translations": {
		"en": {
			"name": "Sankey Flow Chart",
			"description": "Sankey Flow Chart",
			"icon_tooltip": "Sankey Flow Chart",
			"source_name": "Source Nodes",
			"source_tooltip": "Drop a dimension here",
			"target_name": "Target Nodes",
			"target_tooltip": "Drop a dimension here",
			"value_name": "Link Value",
			"value_tooltip": "Drop a measure here"
		}
	}
}
