{
	"info": {
		"version": 1.0,
		"implements_api_version": 1.0,
		"author": "Information Builders",
		"copyright": "Information Builders Inc.",
		"license": "BSD 3-clause",
		"url": "https://github.com/ibi/wf-extensions-chart/tree/master/simple_bar%20example",
		"icons": {
			"medium": "icons/medium.png"
		}
	},
	
	"properties": {
		"chartHeadroom": 50
	},
	
	"propertyAnnotations": {
		"chartHeadroom": "number"
	},
	
	"dataBuckets":  {
	
		"buckets": [
			{
				"id": "source",
				"type": "dimension",
				"count": {
					"min": 1,
					"max": 1
				}
			},
			{
				"id": "target",
				"type": "dimension",
				"count": {
					"min": 1,
					"max": 1
				}
			},
			{
				"id": "value",
				"type": "measure",
				"count": {
					"min": 1,
					"max": 1
				}
			}
		]
	},

	"translations": {
		"en": {
			"name": "Sankey Flow Chart",
			"description": "Sankey Flow Chart",
			"icon_tooltip": "Sankey Flow Chart",
			"source_name": "Source Nodes",
			"source_tooltip": "Drop a dimension here",
			"target_name": "Target Nodes",
			"target_tooltip": "Drop a dimension here",
			"value_name": "Link Value",
			"value_tooltip": "Drop a measure here"
		},
		
		"de": {
			"name": "Sankey-Flussdiagramm",
			"description": "Sankey-Flussdiagramm",
			"icon_tooltip": "Sankey-Flussdiagramm",
			"source_name": "Quellen-Nodes",
			"source_tooltip": "Dimension hier ablegen",
			"target_name": "Ziel-Nodes",
			"target_tooltip": "Maßeinheit hier ablegen",
			"value_name": "Link-Wert",
			"value_tooltip": "Maßeinheit hier ablegen"
		},
		
		"es": {
			"name": "Diagrama de flujo de Sankey",
			"description": "Diagrama de flujo de Sankey",
			"icon_tooltip": "Diagrama de flujo de Sankey",
			"source_name": "Nodos de origen",
			"source_tooltip": "Soltar aquí una dimensión",
			"target_name": "Nodos de destino",
			"target_tooltip": "Soltar aquí una dimensión",
			"value_name": "Valor de vínculo",
			"value_tooltip": "Soltar aquí una medida"
		},
		
		"fr": {
			"name": "Organigramme Sankey",
			"description": "Organigramme Sankey",
			"icon_tooltip": "Organigramme Sankey",
			"source_name": "Noeuds sources",
			"source_tooltip": "Déposer une dimension ici",
			"target_name": "Noeuds cibles",
			"target_tooltip": "Déposer une dimension ici",
			"value_name": "Valeur Lien",
			"value_tooltip": "Déposer une mesure ici"
		},
		
		"fc": {
			"name": "Organigramme Sankey",
			"description": "Organigramme Sankey",
			"icon_tooltip": "Organigramme Sankey",
			"source_name": "Noeuds sources",
			"source_tooltip": "Déposer une dimension ici",
			"target_name": "Noeuds cibles",
			"target_tooltip": "Déposer une dimension ici",
			"value_name": "Valeur Lien",
			"value_tooltip": "Déposer une mesure ici"
		},
		
		"it": {
			"name": "Grafico di Flusso Sankey",
			"description": "Grafico di Flusso Sankey",
			"icon_tooltip": "Grafico di Flusso Sankey",
			"source_name": "Nodi Origine",
			"source_tooltip": "Rilascia qui una dimensione",
			"target_name": "Nodi Target",
			"target_tooltip": "Rilascia qui una dimensione",
			"value_name": "Link Valore",
			"value_tooltip": "Rilascia qui una dimensione"
		},
		
		"iw": {
			"name": "Sankey Flow Chart",
			"description": "Sankey Flow Chart",
			"icon_tooltip": "Sankey Flow Chart",
			"source_name": "Source Nodes",
			"source_tooltip": "Drop a dimension here",
			"target_name": "Target Nodes",
			"target_tooltip": "Drop a dimension here",
			"value_name": "Link Value",
			"value_tooltip": "Drop a measure here"
		},
		
		"ja": {
			"name": "サンキーフローチャート",
			"description": "サンキーフローチャートです。",
			"icon_tooltip": "サンキーフローチャート",
			"source_name": "ソースノード",
			"source_tooltip": "ここにディメンションをドロップ",
			"target_name": "ターゲットノード",
			"target_tooltip": "ここにディメンションをドロップ",
			"value_name": "リンク値",
			"value_tooltip": "ここに基軸をドロップ"
		},
		
		"br": {
			"name": "Gráfico de Fluxo Sankey",
			"description": "Gráfico de Fluxo Sankey",
			"icon_tooltip": "Gráfico de Fluxo Sankey",
			"source_name": "Nós de Origem",
			"source_tooltip": "Solte uma dimensăo aqui",
			"target_name": "Nós de Destino",
			"target_tooltip": "Solte uma dimensăo aqui",
			"value_name": "Vincular Valor",
			"value_tooltip": "Solte uma dimensăo aqui"
		},
		
		"ru": {
			"name": "Sankey Flow Chart",
			"description": "Sankey Flow Chart",
			"icon_tooltip": "Sankey Flow Chart",
			"source_name": "Source Nodes",
			"source_tooltip": "Drop a dimension here",
			"target_name": "Target Nodes",
			"target_tooltip": "Drop a dimension here",
			"value_name": "Link Value",
			"value_tooltip": "Drop a measure here"
		},
		
		"ko": {
			"name": "Sankey 흐름도",
			"description": "Sankey 흐름도",
			"icon_tooltip": "Sankey 흐름도",
			"source_name": "소스 노드",
			"source_tooltip": "여기에 치수를 드롭(drop)",
			"target_name": "대상 노드",
			"target_tooltip": "여기에 치수를 드롭(drop)",
			"value_name": "값 연결",
			"value_tooltip": "여기에 측정을 드롭(drop)"
		},
		
		"tw": {
			"name": "Sankey 流程圖表",
			"description": "Sankey 流程圖表",
			"icon_tooltip": "Sankey 流程圖表",
			"source_name": "來源節點",
			"source_tooltip": "拖曳維度到這裡",
			"target_name": "目標節點",
			"target_tooltip": "拖曳維度到這裡",
			"value_name": "鏈結值",
			"value_tooltip": "拖曳測量到這裡"
		},
		
		"zh": {
			"name": "流通图表",
			"description": "流通图表",
			"icon_tooltip": "流通图表",
			"source_name": "源节点",
			"source_tooltip": "将维拖到此处",
			"target_name": "目标节点",
			"target_tooltip": "将维拖到此处",
			"value_name": "链接值",
			"value_tooltip": "将度量拖到此处"
		}
	}
}
