{
	"info": {
		"version": 1.1,
		"implements_api_version": 1.0,
		"author": "TIBCO Software",
		"copyright": "TIBCO Software Inc.",
		"url": "https://github.com/ibi/wf-extensions-chart/tree/master/com.ibi.divergent",
		"icons": {
			"medium": "icons/medium.png"
		}
	},

	"properties": {
        "useSeriesColours": true,
        "colors": ["#c7001e", "#f6a580", "#cccccc", "#92c6db", "#086fad"],
        "showXAxis": true,
        "showXAxisValues": true,
        "enableTooltip": false
	},

	"propertyAnnotations": {
        "useSeriesColours": "bool",
        "colors": {
                    "typeAnnotation": "array",
                    "arrayTypes": "color"
                  },
        "showXAxis": "bool",
        "showXAxisValues": "bool",
        "enableTooltip": "bool"
	},

	"dataBuckets":  {

		"tooltip": false,
		"matrix": false,
		"data_page": false,
		"series_break": false,

		"buckets": [
			{
				"id": "replies",
				"type": "measure",
				"count": {
					"min": 5,
					"max": 5
				}
			},
			{
				"id": "Question",
				"type": "dimension",
				"count": {
					"min": 1,
					"max": 1
				}
			}
		]
	},

	"translations": {
		"en": {
			"name": "Diverging Stacked Bar Chart",
			"description": "This extension displays a stacked horizontal bar chart displaying negative to positive responses.",
			"icon_tooltip": "Diverging Stacked Bar Chart",
			"value_name": "Replies Bucket",
			"value_tooltip": "Drop 5 measures here",
			"series_name": "Questions Bucket",
			"series_tooltip": "Drop 1 dimension here"
		}
	}
}
