{
	"info": {
		"version": 1.0,
		"implements_api_version": 1.0,
		"author": "Information Builders",
		"copyright": "Information Builders Inc.",
		"url": "https://github.com/ibi/wf-extensions-chart/tree/master/com.ibi.kpi.sparkline",
		"icons": {
			"medium": "icons/medium.png"
		}
	},
	
	"properties": {
		"type": "bar",
		"color": "#666",
		"fontFamily": "'Open Sans'",
		"fontSize": "12px",
		"measureName": {
			"fontWeight": "bold",
			"color": "inherit",
			"fontSize": "12px"
		},
		"percentChange": {
			"color": "inherit",
			"fontSize": "12px"
		},
		"total": {
			"fontWeight": "inherit",
			"color": "inherit",
			"fontSize": "20px"	
		},
		"barProperties": {
			"height": 20,
			"width": 5,
			"goodColor": "#37BF54",
			"badColor": "#F53554",
			"goodIs": ">=0"
		}
	},
	
	"propertyAnnotations": {
		"type": "str", 
		"color": "str", 
		"fontFamily": "str", 
		"fontSize": "str", 
		"measureName": {
			"fontWeight": "str", 
			"color": "str", 
			"fontSize": "str"
		},
		"percentChange": {
			"color": "str", 
			"fontSize": "str"	
		},
		"total": {
			"fontWeight": "str",
			"color": "str", 
			"fontSize": "str"
		},
		"barProperties": {
			"height": "number",
			"width": "number",
			"goodColor": "str",
			"badColor": "str",
			"goodIs": "str"
		}
	},
	
	"dataBuckets":  {
		"tooltip": false,
		"matrix": false,
		"data_page": false,
		"series_break": false,

		"buckets": [
			{
				"id": "measure",
				"type": "measure",
				"count": {
					"min": 1,
					"max": 1
				}
			},
			{
				"id": "compare",
				"type": "dimension",
				"count": {
					"min": 0,
					"max": 1
				}
			},
			{
				"id": "xaxis",
				"type": "dimension",
				"count": {
					"min": 1,
					"max": 1
				}
			}
		]
	},

	"translations": {
		"en": {
			"name": "Sparkline KPI",
			"description": "KPI Widget using jQuery Sparkline plug-in.",
			"icon_tooltip": "KPI Widget using jQuery Sparkline plug-in.", 
			"measure_name": "Measure", 
			"measure_tooltip": "Drop a measure here", 
			"xaxis_name": "X-Axis", 
			"xaxis_tooltip": "Drop a dimension here",
			"compare_name": "Compare Group", 
			"compare_tooltip": "Drop a dimension here"
		}
	}
}