
{
	"info": {
		"version": 1.0,
		"implements_api_version": 1.0,
		"author": "TIBCO Software",
		"copyright": "TIBCO Software",
		"url": "https://github.com/ibi/wf-extensions-chart/tree/master/com.ibi.timeline",
		"icons": {
			"medium": "icons/medium.png"
		}
	},

	"properties": {
		"colorByRow": false,
		"focus": {
            "rows": {
                "labels": {
                    "font": "12px sans-serif",
                    "color": "black"
                }
            },
            "timeAxis": {
                "labels": {
                    "font": "12px sans-serif",
                    "color": "black"
                }
            },
            "risers": {
                "labels": {
                    "font": "12px sans-serif"
                },
                "toolTip": {
                	"enabled": true
                },
								"borderColor": "white",
								"borderWidth": 2
            }
        },
        "context": {
            "heightToTotalHeightRatio": 0.3,
            "rows": {
                "labels": {
                    "font": "10px sans-serif",
                    "color": "black"
                }
            },
            "timeAxis": {
                "labels": {
                    "font": "10px sans-serif"
                }
            },
            "risers": {
                "labels": {
                    "font": "10px sans-serif"
                },
								"borderColor": "white",
								"borderWidth": 2
            }
        },
	    "toolTip": {
	      "enabled": true
	    }
	},

	"propertyAnnotations": {
		"colorByRow": "bool",
		"focus": {
            "rows": {
                "labels": {
                    "font": "str",
                    "color": "color"
                }
            },
            "timeAxis": {
                "labels": {
                    "font": "str",
                    "color": "color"
                }
            },
            "risers": {
                "labels": {
                    "font": "str"
                },
                "toolTip": {
                	"enabled": "bool"
                },
								"borderColor": "str",
								"borderWidth": "number"
            }
        },
        "context": {
            "heightToTotalHeightRatio": "number",
            "rows": {
                "labels": {
                    "font": "str",
                    "color": "color"
                }
            },
            "timeAxis": {
                "labels": {
                    "font": "str",
                    "color": "color"
                }
            },
            "risers": {
                "labels": {
                    "font": "str"
                },
								"borderColor": "str",
								"borderWidth": "number"
            }
        },
		"toolTip": {
	      "enabled": "bool"
	    }
	},

	"dataBuckets":  {
		"tooltip": false,
		"matrix": false,
		"data_page": false,
		"series_break": false,

		"buckets": [
	      {
	        "id": "task",
	        "type": "dimension",
	        "count": {
	          "min": 0,
	          "max": 1
	        }
	      },
	      {
	        "id": "subtask",
	        "type": "dimension",
	        "count": {
	          "min": 0,
	          "max": 1
	        }
	      },
	      {
	        "id": "start",
	        "type": "dimension",
	        "count": {
	          "min": 1,
	          "max": 1
	        }
	      },
	      {
	        "id": "end",
	        "type": "dimension",
	        "count": {
	          "min": 1,
	          "max": 1
	        }
	      }
	    ]
	},

	"translations": {
		"en": {
			"name": "Timeline Chart",
			"description": "Timeline Chart helps to display a list of events in chronological order.",
			"icon_tooltip": "Timeline Chart helps to display a list of events in chronological order.",
			"task_name": "Task (DIM)",
			"task_tooltip": "Drop a dimension here",
			"subtask_name": "Subtask (DIM)",
			"subtask_tooltip": "Drop a dimension here",
			"start_name": "Start (DIM)",
			"start_tooltip": "Drop a dimension here",
			"end_name": "End (DIM)",
			"end_tooltip": "Drop a dimension here"
		}
	}
}
