{
    "info": {
        "version": 1.0,
        "implements_api_version": 1.0,
        "author": "Three D Graphics",
        "copyright": "Three D Graphics Inc.",
        "url": "https://threedgraphics.com",
        "icons": {
            "medium": "icons/medium.png"
        }
    },

    "properties": {
        "extraMarkersColor": '#898989',
        "mode": "proportion",
        "marker": {
            "type": 'circle',
            "cellRatio": 0.8,
            "countRange" : [100, 625]
        },
        "label": {
            "enabled": true,
            "format": 'auto',
            "font": {
                "color": 'auto'
            }
        },
        "tooltip": {
          "enabled": true 
        }
    },

    "propertyAnnotations": {
        "extraMarkersColor": 'color',
        "mode": "str",
        "marker": {
            "type": 'str',
            "cellRatio": 'number',
            "defaultCount": 'number',
            "countRange": {
                "typeAnnotation": "array",
                "arrayTypes": "number"
            }
        },
        "label": {
            "enabled": 'bool',
            "format": 'str',
            "font": {
                "color": 'str'
            }
        },
        "tooltip": {
          "enabled": "bool" 
        }
    },

    "dataBuckets": {
        "buckets": [{
            "id": "count",
            "type": "measure",
			"count": {
				"min": 1,
				"max": 1
			}
        }, {
            "id": "label",
            "type": "dimension",
			"count": {
				"min": 0,
				"max": 1
			}
        }]
    },

    "translations": {
        "en": {
            "name": "Marker Chart",
            "description": "Simple Marker Chart",
            "icon_tooltip": "Simple Marker Chart",
            "count_name": "Number of Markers (MES)",
            "count_tooltip": "Drop a measure here",
            "label_name": "Label (DIM)",
            "label_tooltip": "Drop a dimension here"
        }
    }
}
