{
    "info": {
        "version": 1.0,
        "implements_api_version": 1.0,
        "author": "Three D Graphics",
        "copyright": "Three D Graphics Inc.",
        "url": "https://threedgraphics.com",
        "icons": {
            "medium": "icons/medium.png"
        }
    },

    "properties": {
        "extraMarkersColor": '#898989',
        "mode": "proportion",
        "marker": {
            "type": 'circle',
            "cellRatio": 0.8,
            "countRange" : [100, 625]
        },
        "label": {
            "enabled": true,
            "format": 'auto',
            "font": {
                "color": 'auto'
            }
        },
        "tooltip": {
          "enabled": true 
        },
		"colors": ["#5388BE","#E1542B","#B5CCE3","#336797","#9ED675","#4FA03D","#FCCE58","#EFCCA2","#a4e3f4","#addd8e","#e0ecf4","#fcc5c0","#238b45","#081d58","#d4b9da","#2b8cbe","#74a9cf","#41ab5d","#fed976","#ce1256","#7f0000","#a6bddb","#ffffcc","#e7e1ef","#016c59","#f7fcfd","#99d8c9","#fff7fb","#ffffe5","#fdd49e","#ffffd9","#fe9929","#8c96c6","#810f7c","#993404","#c7e9b4","#bfd3e6","#e7298a","#7fcdbb","#3690c0","#ae017e","#d9f0a3","#ece2f0","#014636","#f7fcb9","#66c2a4","#fff7bc","#f7fcf0","#e5f5f9","#fdbb84","#fa9fb5","#4d004b","#fff7fb","#cc4c02","#78c679","#1d91c0","#ccebc5","#feb24c","#b30000","#8c6bb1","#fec44f","#d0d1e6","#084081","#0868ac","#f7fcfd","#0570b0","#ef6548","#fff7ec","#006837","#f768a1","#edf8b1","#fee391","#238443","#ffffe5","#023858","#7a0177","#67a9cf","#dd3497","#980043","#88419d","#d0d1e6","#fc8d59","#4eb3d3","#fd8d3c","#fff7f3","#fc4e2a","#ccece6","#ece7f2","#a8ddb5","#41ae76","#bd0026","#e0f3db","#045a8d","#ffeda0","#253494","#7bccc4","#fde0dd","#00441b","#225ea8","#006d2c","#02818a","#f7f4f9","#d7301f","#df65b0","#662506","#3690c0","#004529","#fee8c8"]
    },

    "propertyAnnotations": {
        "extraMarkersColor": 'color',
        "mode": "str",
        "marker": {
            "type": 'str',
            "cellRatio": 'number',
            "defaultCount": 'number',
            "countRange": {
                "typeAnnotation": "array",
                "arrayTypes": "number"
            }
        },
        "label": {
            "enabled": 'bool',
            "format": 'str',
            "font": {
                "color": 'str'
            }
        },
        "tooltip": {
			"enabled": "bool" 
        },
		"colors": {
    		"typeAnnotation": "array",
			"arrayTypes": "color"
	    }
    },

    "dataBuckets": {
        "buckets": [{
            "id": "count",
            "type": "measure",
			"count": {
				"min": 1,
				"max": 1
			}
        }, {
            "id": "label",
            "type": "dimension",
			"count": {
				"min": 0,
				"max": 1
			}
        }]
    },

    "translations": {
        "en": {
            "name": "Marker Chart",
            "description": "Simple Marker Chart",
            "icon_tooltip": "Simple Marker Chart",
            "count_name": "Number of Markers (MES)",
            "count_tooltip": "Drop a measure here",
            "label_name": "Label (DIM)",
            "label_tooltip": "Drop a dimension here"
        }
    }
}
