{
    "info": {
        "version": 1.0,
        "implements_api_version": 1.0,
        "author": "Three D Graphics",
        "copyright": "Three D Graphics Inc.",
        "url": "https://threedgraphics.com",
        "icons": {
            "medium": "icons/medium.png"
        }
    },

    properties: {
        "extraMarkersColor": '#898989',
        "marker": {
            "type": 'circle',
            "cellRatio": 0.8,
            "defaultCount": 100
        },
        "label": {
            "enabled": true,
            "format": 'd',
            "font": {
                "color": 'auto'
            }
        }
    },

    propertyAnnotations: {
        "extraMarkersColor": 'color',
        "marker": {
            "type": 'str',
            "cellRatio": 'number',
            "defaultCount": 'number'
        },
        "label": {
            "enabled": 'bool',
            "format": 'str',
            "font": {
                "color": 'str'
            }
        }
    },

    "dataBuckets": {
        "buckets": [{
            "id": "count",
            "type": "measure",
			"count": {
				"min": 1,
				"max": 1
			}
        }, {
            "id": "label",
            "type": "dimension",
			"count": {
				"min": 0,
				"max": 1
			}
        }]
    },

    "translations": {
        "en": {
            "name": "Marker Chart",
            "description": "Simple Marker Chart",
            "icon_tooltip": "Simple Marker Chart",
            "count_name": "Number of Markers Bucket",
            "count_tooltip": "Drop a measusre here",
            "label_name": "Label Bucket",
            "label_tooltip": "Drop a dimension here"
        }
    }
}
