{
	"info": {
		"version": "2.0.4",
		"implements_api_version": "1.0, 2.0",
		"author": "Information Builders",
		"copyright": "Information Builders Inc.",
		"url": "https://github.com/ibi/wf-extensions-chart/tree/master/com.ibi.kpibox",
		"license": "BSD 3-clause",
		"icons": {
			"medium": "icons/kpibox_icon_medium.png"
		}
	},

	"properties": {
	
		"kpiboxProperties": {
			"textVertPosition": 0.5, 
			"textSize": 1,   
			"ibiAppsPath": "/ibi_apps/",
			"valueCountUp": true, 
			"displayPercent": true,
			"textColor": "#045681", 			
			"calculeComparationFunction": {
				"param1": "valueKpi", 
				"param2": "compareValue", 
				"body": "var result = (valueKpi - compareValue) / compareValue; return result"
			},	
			"formatComparation": "#,###.00%",
			"customCompareIcon": {
				"active": false,	
				"iconUp": "",
				"iconDown": "",
			},
			"shortenNumbers": true, 
			"title_row": false,
			"calculateFontSize": false, 
			"fixedFontSizeProp": "18px",
			"fixedPixelLinesMargin": 20
		},
		"colorScale": {
			"colorMode":"discrete",
			"colorBands": [
				{"start": -1000000000000, "stop": 0, "color":"red"},
				{"start": 0, "stop": 1000000000000, "color":"green"}
			]
		}
		
	},
	 
	"propertyAnnotations": {
	
		"kpiboxProperties": "json",		
		"colorScale": "json"
		
	},
	
	"dataBuckets":  {
		"tooltip": true,
		"matrix": false,
		"data_page": false,
		"series_break": false,
		"buckets": [
			{
				"id": "value",
				"type": "measure",
				"count": {
					"min": 1,
					"max": 1
				}
			},
			{
				"id": "comparevalue",
				"type": "measure",
				"count": {
					"min": 0,
					"max": 1
				}
			},
			{
				"id": "image",
				"type": "dimension",
				"count": {
					"min": 0,
					"max": 1
				}
			},
			{
				"id": "kpisign",
				"type": "measure",
				"count": {
					"min": 0,
					"max": 1
				}
			}
		]
	},
	
	"translations": {
		"en": {
			"name": "KPI Box",
			"description": "Fancy KPI Box",
			"icon_tooltip": "KPI Box", 
			"value_name": "Value Bucket (1, required)", 
			"value_tooltip": "Drop a measusre here",
			"comparevalue_name": "Compare Value Bucket (1, non required)", 
			"comparevalue_tooltip": "Drop a measusre here",
			"kpisign_name": "Sign Comparision Bucket (1, non required)", 
			"kpisign_tooltip": "Drop a measusre here",
			"image_name": "Image Bucket (1, non required)", 
			"image_tooltip": "Drop a field with path to image"
		}
	}
}
