{
	"info": {
		"version": 1.0,
		"implements_api_version": 1.0,
		"author": "Information Builders",
		"copyright": "Information Builders Inc.",
		"url": "https://github.com/ibi/wf-extensions-chart/tree/master/com.ibi.kpibox",
		"license": "BSD 3-clause",
		"icons": {
			"medium": "icons/kpibox_icon_medium.png"
		}
	},

	"properties": {

		"textVertPosition": 0.5,   // The height at which to display the percentage text withing the wave circle. 0 = bottom, 1 = top.
		"textSize": 1,   
		"ibiAppsPath": "/ibi_apps/",          // The relative height of the text to display in the wave circle. 1 = 50%
		"valueCountUp": true,      // If true, the displayed value counts up from 0 to it's final value upon loading. If false, the final value is displayed.
		"displayPercent": true,    // If true, a % symbol is displayed after the value.
		"textColor": "#045681",    // The color of the value text when the wave does not overlap it.
		"colorScale": {
			"colorMode":"discrete",
			"colorBands": [
				{"start": -1000000000000, "stop": 0, "color":"red"},
				{"start": 0, "stop": 1000000000000, "color":"green"}
			]
		},
		"shortenNumbers": true, // If true, The numbers are shortened
		"title_row": false, // If true, The title will fill a complete row
		"calculateFontSize": false,  // If true, The size of text is calculated automatically
		"fixedFontSizeProp": "26px", // If calculateFontSize is false, the text size will take this value
		"fixedPixelLinesMargin": 20  // If calculateFontSize is false, the text separation will take this value
	},
	
	"propertyAnnotations": {
		"textVertPosition": "number",
		"textSize": "number",
		"ibiAppsPath": "str",
		"valueCountUp": "bool",
		"displayPercent": "bool",
		"textColor": "str",
		"colorScale":"json",
		"shortenNumbers":"bool",
		"title_row": "bool",
		"calculateFontSize": "bool",
		"fixedFontSizeProp": "str",
		"fixedPixelLinesMargin": "number"	
	},
	
	"dataBuckets":  {
		"tooltip": true,
		"matrix": false,
		"data_page": false,
		"series_break": false,
		"buckets": [
			{
				"id": "value",
				"type": "measure",
				"count": {
					"min": 1,
					"max": 1
				}
			},
			{
				"id": "comparevalue",
				"type": "measure",
				"count": {
					"min": 0,
					"max": 1
				}
			},
			{
				"id": "image",
				"type": "dimension",
				"count": {
					"min": 0,
					"max": 1
				}
			},
			{
				"id": "kpisign",
				"type": "measure",
				"count": {
					"min": 0,
					"max": 1
				}
			}
		]
	},
	
	"translations": {
		"en": {
			"name": "KPI Box",
			"description": "Fancy KPI Box",
			"icon_tooltip": "KPI Box", 
			"value_name": "Value Bucket (1, required)", 
			"value_tooltip": "Drop a measusre here",
			"comparevalue_name": "Compare Value Bucket (1, non required)", 
			"comparevalue_tooltip": "Drop a measusre here",
			"kpisign_name": "Sign Comparision Bucket (1, non required)", 
			"kpisign_tooltip": "Drop a measusre here",
			"image_name": "Image Bucket (1, non required)", 
			"image_tooltip": "Drop a field with path to image"
		}
	}
}
