
{
	"info": {
		"version": 1.0,
		"implements_api_version": 1.0,
		"author": "Information Builders",
		"copyright": "Information Builders Inc.",
		"url": "",
		"icons": {
			"medium": "icons/force_icon.png"
		}
	},
	
	"properties": {
		"chartHeadroom": 50
	},
	
	"propertyAnnotations": {
		"chartHeadroom": "number"
	},
	
	"dataBuckets":  {
	
		"tooltip": false,
		"matrix": false,
		"data_page": false,
		"series_break": false,

		"buckets": [
			{
				"id": "from",
				"type": "dimension",
				"count": {
					"min": 1,
					"max": 1
				}
			},
			{
				"id": "to",
				"type": "dimension",
				"count": {
					"min": 1,
					"max": 1
				}
			},
			{
				"id": "thickness",
				"type": "measure",
				"count": {
					"min": 0,
					"max": 1
				}
			}			
		]
	},
	"translations": {
		"en": {
			"name": "Force Directed Chart",
			"description": "Force-directed Chart",
			"icon_tooltip": "Force-directed Chart", 
			"from_name": "From", 
			"from_tooltip": "Drop from nodes here", 
			"to_name": "To", 
			"to_tooltip": "Drop to nodes here",
			"thickness_name": "Thickness",
			"thickness_tooltip": "Drop link thickness value"
		},
	}
}