{
	"info": {
		"version": "1.3",
		"implements_api_version": 1.0,
		"author": "Sandy Chiang",
		"copyright": "TIBCO Software Inc.",
		"url": "",
		"icons": {
			"medium": "icons/medium.png"
		}
	},

	"properties": {
    "font_color": "#000000"
	},

  "propertyAnnotations": {
    "font_color": "color"
  },

	"dataBuckets":  {

		"tooltip": false,
		"matrix": false,
		"data_page": false,
		"series_break": false,

		"buckets": [
			{
				"id": "state",
				"type": "dimension",
				"count": {
					"min": 1,
					"max": 1
				}
			},
			{
				"id": "color",
				"type": "measure",
				"count": {
					"min": 1,
					"max": 1
				}
			},
			{
				"id": "tooltips",
				"type": "measure",
				"count": {
					"min": 0,
					"max": 3
				}
			}
		]
	},

	"translations": {
		"en": {
			"name": "US Hex Map",
			"description": "A hexagon representation of US State",
			"icon_tooltip": "A hexagon representation of US State",
			"state_name": "US State (2 ISO Code)",
			"state_tooltip": "2 Letter ISO Code of US State",
			"color_name": "Measure Color",
			"color_tooltip": "Measure used to color the hexagon",
			"tooltips_name": "Tool tips",
			"tooltips_tooltip": "Measures to show in tooltip"
		}
	}
}
