{
	"info": {
		"version": "1.1.0",
		"implements_api_version": 1.0,
		"author": "Cloud Software Group, Inc.",
		"copyright": "Cloud Software Group, Inc.",
		"url": "https://github.com/ibi/wf-extensions-chart/tree/master/com.ibi.cartogram",
		"icons": {
			"medium": "icons/medium.png"
		}
	},

	"properties": {
		"chartHeadroom": 50
	},

	"propertyAnnotations": {
		"chartHeadroom": "number"
	},

	"dataBuckets":  {

		"tooltip": true,
		"matrix": false,
		"data_page": false,
		"series_break": false,

		"buckets": [
			{
				"id": "value",
				"type": "measure",
				"count": {
					"min": 1,
					"max": 1
				}
			},
			{
				"id": "state",
				"type": "dimension",
				"count": {
					"min": 1,
					"max": 1
				}
			}
		]
	},

	"translations": {
		"en": {
			"name": "USA State Cartogram",
			"description": "Cartogram for U.S. States",
			"icon_tooltip": "Visualize U.S. State data as a cartogram",
			"value_name": "Value for State Area",
			"value_tooltip": "Drop state value here",
			"state_name": "State Name",
			"labels_tooltip": "Drop state dimensions here"
		}

	}
}
