{
	"info": {
		"version": 1.0,
		"implements_api_version": 1.0,
		"author": "Information Builders",
		"copyright": "Information Builders Inc.",
		"url": "https://github.com/ibi/wf-extensions-chart/tree/master/com.ibi.liquid_gauge",
		"license": "BSD 3-clause",
		"icons": {
			"medium": "icons/liquid_gauge_icon_medium.png"
		}
	},

	"properties": {
		"minValue": 0,             // The gauge minimum value.
		"maxValue": 100,           // The gauge maximum value.

		"circleThickness": 0.05,   // The outer circle thickness as a percentage of its radius.
		"circleFillGap": 0.05,     // The size of the gap between the outer circle and wave circle as a percentage of the outer circles radius.
		"circleColor": "#178BCA",  // The color of the outer circle.

		"waveHeight": 0.10,        // The wave height as a percentage of the radius of the wave circle.
		"waveCount": 1,            // The number of full waves per width of the wave circle.
		"waveRiseTime": 800,      // The amount of time in milliseconds for the wave to rise from 0 to it's final height.
		"waveAnimateTime": 8000,  // The amount of time in milliseconds for a full wave to enter the wave circle.
		"waveRise": true,          // Control if the wave should rise from 0 to it's full height, or start at it's full height.
		"waveHeightScaling": true, // Controls wave size scaling at low and high fill percentages. When true, wave height reaches it's maximum at 50% fill, and minimum at 0% and 100% fill. This helps to prevent the wave from making the wave circle from appear totally full or empty when near it's minimum or maximum fill.
		"waveAnimate": true,       // Controls if the wave scrolls or is static.
		"waveColor": "#178BCA",    // The color of the fill wave.
		"waveOffset": 0,           // The amount to initially offset the wave. 0 = no offset. 1 = offset of one full wave.

		"textVertPosition": 0.5,   // The height at which to display the percentage text withing the wave circle. 0 = bottom, 1 = top.
		"textSize": 1,             // The relative height of the text to display in the wave circle. 1 = 50%
		"valueCountUp": true,      // If true, the displayed value counts up from 0 to it's final value upon loading. If false, the final value is displayed.
		"displayPercent": true,    // If true, a % symbol is displayed after the value.
		"textColor": "#045681",    // The color of the value text when the wave does not overlap it.
		"waveTextColor": "#A4DBf8" // The color of the value text when the wave overlaps it.
	},
	
	"propertyAnnotations": {
		"minValue": "number",
		"maxValue": "number",
		"circleThickness": "number",
		"circleFillGap": "number",
		"circleColor": "color",
		"waveHeight": "number",
		"waveCount": "number",
		"waveRiseTime": "number",
		"waveAnimateTime": "number",
		"waveRise": "bool",
		"waveHeightScaling": "bool",
		"waveAnimate": "bool",
		"waveColor": "color",
		"waveOffset": "number",
		"textVertPosition": "number",
		"textSize": "number",
		"valueCountUp": "bool",
		"displayPercent": "bool",
		"textColor": "color",
		"waveTextColor": "color"
	},
	
	"dataBuckets":  {
		"buckets": [
			{
				"id": "value",
				"type": "measure",
				"count": {
					"min": 1,
					"max": 1
				}
			}
		]
	},
	
	"translations": {
		"en": {
			"name": "Liquid Gauge Chart",
			"description": "Fancy animated gauge chart with a liquid interior",
			"icon_tooltip": "Liquid Gauge Chart", 
			"value_name": "Value Bucket", 
			"value_tooltip": "Drop a measusre here"
		}
	}
}
