{
	"info": {
		"version": "2.2.4",
		"implements_api_version": "1.0/2.0",
		"author": "Cloud Software Group, Inc.",
		"copyright": "Cloud Software Group, Inc.",
		"url": "https://github.com/ibi/wf-extensions-chart/tree/master/com.ibi.horizontal_comparison_bars",
		"icons": {
			"medium": "icons/horizontal_comparison_bars.png"
		}
	},

	"properties": {
		"horizontalcomparisonbarsProperties": {
			"setInfiniteToZero": false,
			"hideWhenInfinite": false,
			"chartHeadroom": 50,
			"shorten_numbers": true,
			"typeShortenNumber": null,
			"shortenLeyendDescription": {
				"enabled": false,
				"U": "",
				"K": "Thousands",
				"M": "Millions",
				"B": "Billions",
				"T": "trillions"
			},
			"calculeComparationFunction": {
				"param1": "valueKpi",
				"param2": "compareValue",
				"body": "if(valueKpi == 0 && compareValue == 0) { return 0; } var result = (valueKpi - compareValue) / Math.abs(compareValue);  return result;"
			},
			"formatComparation": "#,###.00%",
			"bodyBackgroundColor": "transparent"
		},

		"external_library": "lib/d3.min.js",
		"colorScale": {
			"colorMode":"discrete",
			"colorBands": [
				{"start": -1000000000000, "stop": 0,"color":"red"},
				{"start": 0, "stop": 1000000000000,"color":"green"}
			]
		}
	},

	"propertyAnnotations": {
		"horizontalcomparisonbarsProperties": "json",
		"external_library": "str",
		"colorScale": "json"
	},

	"dataBuckets":  {

		"tooltip": true,
		"matrix": false,
		"data_page": false,
		"series_break": false,

		"buckets": [
			{
				"id": "value",
				"type": "measure",
				"count": {
					"min": 1,
					"max": 1
				}
			},
			{
				"id": "comparevalue",
				"type": "measure",
				"count": {
					"min": 0,
					"max": 1
				}
			},
			{
				"id": "dimension",
				"type": "dimension",
				"count": {
					"min": 0,
					"max": 1
				}
			},
			{
				"id": "kpisign",
				"type": "measure",
				"count": {
					"min": 0,
					"max": 1
				}
			}
		]
	},

	"translations": {
		"en": {
			"name": "horizontal comparison bars",
			"description": "horizontal comparison bars",
			"icon_tooltip": "This extension",
			"value_name": "Value Bucket (1)",
			"value_tooltip": "Drop a measure here",
			"comparevalue_name": "Comparision Bucket (0-1)",
			"comparevalue_tooltip": "Drop a measure here",
			"dimension_name": "Label Bucket (0-1)",
			"dimension_tooltip": "Drop a dimension here",
			"kpisign_name": "Sign Comparision Bucket (0-1)",
			"kpisign_tooltip": "Drop a measure here"
		}
	}
}
