{
	"info": {
		"version":  "2.2.0",
		"implements_api_version": "1.0/2.0",
		"author": "Information Builders",
		"copyright": "Information Builders Inc.",
		"url": "https://github.com/ibi/wf-extensions-chart/tree/master/com.ibi.kpi_distribution",
		"license": "BSD 3-clause",
		"icons": {
			"medium": "icons/medium.png"
		}
	},

	"properties": {
		"kpidistributionProperties":{
			"ibiAppsPath": "/ibi_apps/",
			"options": {
				"showPercentagesOfTheTotal": false,
				"showValue": true,
				"shortenValue": false,
				"forceSortRows": false,
				"showBarIcons": true
			},
			"sizes": {
				"titlesFont": "15px",
				"marginTop": "10",
				"rowHeight": "50",
				"barHeight": "10",
				"barIconWidth": "40"
			},
			"colors": {
				"minColor": "#912BA7",
				"maxColor": "#036DB2",
				"titlesColor": "#415D6B"
			}
		}		
	},
	
	"propertyAnnotations": {
	
		"kpidistributionProperties": "json"
		
	},
	
	"dataBuckets":  {
		"tooltip": true,
		"matrix": false,
		"data_page": false,
		"series_break": false,
		"buckets": [
			{
				"id": "value",
				"type": "measure",
				"count": {
					"min": 1,
					"max": 1
				}
			},
			{
				"id": "valueispercentage",
				"type": "measure",
				"count": {
					"min": 0,
					"max": 1
				}
			},
			{
				"id": "minvalue",
				"type": "measure",
				"count": {
					"min": 0,
					"max": 1
				}
			},
			{
				"id": "maxvalue",
				"type": "measure",
				"count": {
					"min": 0,
					"max": 1
				}
			},
			{
				"id": "dimension",
				"type": "dimension",
				"count": {
					"min": 1,
					"max": 1
				}
			},
			{
				"id": "image",
				"type": "dimension",
				"count": {
					"min": 0,
					"max": 1
				}
			}
		]
	},
	
	"translations": {
		"en": {
			"name": "KPI Distribution Name",
			"description": "KPI Distribution Description",
			"icon_tooltip": "New Extension Tooltip", 
			"value_name": "Value Bucket (1, required)", 
			"value_tooltip": "Drop a measusre here",
			"valueispercentage_name": "Is Percentage Bucket (0:1, non required)", 
			"valueispercentage_tooltip": "Drop a measusre here",
			"minvalue_name": "Min value Bucket (0:1, non required)", 
			"minvalue_tooltip": "Drop a measusre here",
			"maxvalue_name": "Max value Bucket (0:1, non required)", 
			"maxvalue_tooltip": "Drop a measusre here",
			"dimension_name": "Dimension Bucket (1, required)", 
			"dimension_tooltip": "Drop a dimension here",
			"image_name": "Image Bucket (1, non required)", 
			"image_tooltip": "Drop a field with path to image"
		}
	}
}
