{
	"info": {
		"version": 1.3,
		"implements_api_version": 2.0,
		"author": "Information Builders (UK) Ltd",
		"copyright": "Information Builders Inc.",
		"url": "https://github.com/ibi/wf-extensions-chart/tree/master/com.ibi.dendrorag",
		"icons": {
			"medium": "icons/medium.png"
		}
	},
	
	"properties": {
        "RootName": "",
        "indRed": 50,
        "indAmber": 70,
		"valsInNode": false,
		"abbrValues": false,
        "useParentRAG": false,
        "showSuccess": true,
        "drilldown": "",
//        "drilldown": "/EDA/EDASERVE/ibisamp/carinst.fex",
//        "drilldown": "/WFC/Repository/Public/carinst.fex",
        "ddtarget": "_blank"
	},
	
	"propertyAnnotations": {
        "RootName": {
			"typeAnnotation": "str",
			"displayOrder": 1
		},
        "indRed": {
			"typeAnnotation": "number",
			"numericRange": [1, 99],
			"numericStep": 1,
			"displayOrder": 2
        },
        "indAmber": {
			"typeAnnotation": "number",
			"numericRange": [1, 99],
			"numericStep": 1,
			"displayOrder": 3
        },
		"valsInNode": "bool",
		"abbrValues": "bool",
        "useParentRAG": "bool",
        "showSuccess": "bool",
        "drilldown": {
			"typeAnnotation": "str"
        },
        "ddtarget": {
			"typeAnnotation": "str"
        },
	},
	
	"dataBuckets":  {
		"tooltip": false,
		"matrix": false,
		"data_page": false,
		"series_break": false,

		"buckets": [
			{
				"id": "total",
				"type": "measure",
				"count": {
					"min": 1,
					"max": 1
				}
			},
			{
				"id": "fail",
				"type": "measure",
				"count": {
					"min": 1,
					"max": 1
				}
			},
			{
				"id": "levels",
				"type": "dimension",
				"count": {
					"min": 1,
					"max": 3
				}
			}
		]
	},

	"translations": {
		"en": {
			"name": "Dendro RAG Chart",
			"description": "This extension displays a collapsible hierarchy showing RAG for each level based on accumulated values.",
			"icon_tooltip": "Dendro RAG Chart", 
			"total_name": "Total Bucket", 
			"total_tooltip": "Drop a measure here", 
			"fail_name": "Fail Bucket", 
			"fail_tooltip": "Drop a measure here", 
			"levels_name": "Levels Bucket", 
			"levels_tooltip": "Drop up to three dimensions here",
            "properties": {
				"RootName": {
					"_translation": "Root Node Label.",
					"_tooltip": "Value to be used or empty string for default.",
                    "_valueTooltip": "Default empty string"
				},
				"indRed": {
					"_translation": "Percentage for Red Cutoff.",
					"_tooltip": "Percentage Value below which Red is the colour applied to the nodes.",
                    "_valueTooltip": "Default 50"
				},
				"indAmber": {
					"_translation": "Percentage for Amber Cutoff.",
					"_tooltip": "Percentage Value below which Amber is the colour applied to the nodes.",
                    "_valueTooltip": "Default 70"
				},
				"valsInNode": {
					"_translation": "Show Values in Node?",
					"_tooltip": "Show the Total and Fail values within the Node labels.",
					"_valueTooltip": "Default False"
				},
				"abbrValues": {
					"_translation": "KMB (abbreviated) Values in Node?",
					"_tooltip": "Show Abbreviated Total and Fail (KMB) values within the Node labels.\nRequires showing Values in Node.",
					"_valueTooltip": "Default False"
				},
				"useParentRAG": {
					"_translation": "Use Parent RAG?",
					"_tooltip": "Show colouring by Parent or Child RAG calculation.",
                    "_valueTooltip": "Default False"
				},
				"showSuccess": {
					"_translation": "Show Success?",
					"_tooltip": "Show Success or Failure colouring.",
                    "_valueTooltip": "Default True"
				},
				"drilldown": {
					"_translation": "Drilldown Procedure.",
					"_tooltip": "String to be used for Drilldown procedure.\nUse IBFS: syntax without initial IBFS:\ne.g. /EDA/EDASERVE/ibisamp/carinst.fex\nor /WFC/Repository/Public/carinst.fex",
                    "_valueTooltip": "Default empty strng"
				},
				"ddtarget": {
					"_translation": "Target window for Drilldown.",
					"_tooltip": "Standard HTML coding values only.",
                    "_valueTooltip": "Default _blank"
				}
			}
		}
	}
}