{
	"info": {
		"version": 1.1,
		"implements_api_version": 2.0,
		"author": "Information Builders (UK) Ltd",
		"copyright": "Information Builders Inc.",
		"url": "https://github.com/ibi/wf-extensions-chart/tree/master/com.ibi.dendrorag",
		"icons": {
			"medium": "icons/medium.png"
		}
	},
	
	"properties": {
        "RootName": "",
        "indRed": 50,
        "indAmber": 70,
        "useParentRAG": false,
        "showSuccess": true,
        "drilldown": "",
//        "drilldown": "/EDA/EDASERVE/ibisamp/carinst.fex",
//        "drilldown": "/WFC/Repository/Public/carinst.fex",
        "ddtarget": "_blank"
	},
	
	"propertyAnnotations": {
        "RootName": "str",
        "indRed": {
				"typeAnnotation": "number",
				"numericRange": [1, 99],
				"numericStep": 1
        },
        "indAmber": {
				"typeAnnotation": "number",
				"numericRange": [1, 99],
				"numericStep": 1
        },
        "useParentRAG": "bool",
        "showSuccess": "bool",
        "drilldown": "str",
        "ddtarget": "str"
	},
	
	"dataBuckets":  {
		"tooltip": false,
		"matrix": false,
		"data_page": false,
		"series_break": false,

		"buckets": [
			{
				"id": "total",
				"type": "measure",
				"count": {
					"min": 1,
					"max": 1
				}
			},
			{
				"id": "fail",
				"type": "measure",
				"count": {
					"min": 1,
					"max": 1
				}
			},
			{
				"id": "levels",
				"type": "dimension",
				"count": {
					"min": 1,
					"max": 3
				}
			}
		]
	},

	"translations": {
		"en": {
			"name": "Dendro RAG Chart",
			"description": "This extension displays a collapsible hierarchy showing RAG for each level based on accumulated values.",
			"icon_tooltip": "Dendro RAG Chart", 
			"value_name": "Total Bucket", 
			"value_tooltip": "Drop a measure here", 
			"radial_name": "Fail Bucket", 
			"radial_tooltip": "Drop a measure here", 
			"series_name": "Levels Bucket", 
			"series_tooltip": "Drop up to three dimensions here"
		}
	}
}