x,y,label
398.03192119866054,193.210351659635,Label 0
274.0337840822932,207.3619534919697,Label 1
120.82598369762994,114.10520436846967,Label 2
185.59365905717777,67.1824821705556,Label 3
197.2225695114357,214.5388616602656,Label 4
171.6627563253545,338.647717530533,Label 5
174.3595765646249,235.7300529899196,Label 6
195.9308678467942,173.05242902146276,Label 7
267.5411716420882,312.69125776607297,Label 8
368.891514038997,201.5801183191518,Label 9
240.0223560612341,253.78731124747972,Label 10
181.90064276764394,111.12947478680401,Label 11
380.34568367270344,183.23108001730418,Label 12
208.1351751446413,80.97617664307629,Label 13
303.26583320726616,77.15919803639784,Label 14
110.92883307435346,350.81155914951705,Label 15
160.83424763246552,240.37234654608932,Label 16
234.99161298721916,283.76997055500965,Label 17
103.29520567681831,287.67463658969217,Label 18
306.56892800461526,169.23325609032122,Label 19
366.90914934726646,188.021826996856,Label 20
294.24358332895116,107.13311591157147,Label 21
219.70724632287724,214.40993982026225,Label 22
341.12528678340357,127.08325492172085,Label 23
445.24172887932514,164.26051011994758,Label 24
316.8753940367162,49.54128220196728,Label 25
345.0097303109849,222.06096278285685,Label 26
72.27136346403847,289.44823747922766,Label 27
266.83772485121784,213.95103166253895,Label 28
315.34503738762686,169.48528488338548,Label 29
263.43810949953775,251.40212156377984,Label 30
215.7324361892492,27.888850624556312,Label 31
280.4903028043602,84.99807107502427,Label 32
251.744666869724,157.79949014025226,Label 33
249.79427324369306,224.5541976606566,Label 34
299.65792221079823,304.43337618036514,Label 35
380.2148451762306,111.97975136210187,Label 36
308.7877600738373,219.3273312849438,Label 37
223.0171004302107,415.51779916073394,Label 38
262.3055224478561,252.73095907497702,Label 39
80.34386875361821,194.9794858858558,Label 40
261.5750399642721,370.9295193288734,Label 41
275.7408843796397,377.6498790601544,Label 42
180.33692933365177,157.26728803964508,Label 43
392.7917576500719,153.84254810197396,Label 44
319.74007492429814,131.04795025976657,Label 45
163.67462776599473,124.77958831510843,Label 46
207.27291540579455,163.51711752261383,Label 47
183.1682323649487,146.87442887369716,Label 48
349.4859535175963,186.2239289566991,Label 49
214.26202521786456,53.00068868822092,Label 50
268.436680662117,315.23830938005074,Label 51
314.07312810441846,228.9352811587649,Label 52
277.28060466056615,153.94896731560416,Label 53
56.57794913591073,172.62917971883527,Label 54
218.82000820034995,137.60339385270385,Label 55
179.54883223844456,162.35424631952873,Label 56
220.49767977130517,179.34815871677688,Label 57
394.0902920177493,146.232059611128,Label 58
250.12241367270343,129.55746519499928,Label 59
264.95480914569174,246.4127653266308,Label 60
182.90790348464972,107.38880228522909,Label 61
210.92795439614562,186.72337364899826,Label 62
188.49178839620765,184.7118311971747,Label 63
250.44736493228817,128.47946914682686,Label 64
207.59090784242446,302.8207623651171,Label 65
307.8644567271553,241.3064060042002,Label 66
316.52125677613833,263.65666470033676,Label 67
330.14924844602024,266.4977539561094,Label 68
300.50331038001036,199.92834941553585,Label 69
178.78988025364959,304.5884355224104,Label 70
392.0939114103925,179.25112755136018,Label 71
250.03408573135584,174.07587243796752,Label 72
160.08624487610325,121.75929812638438,Label 73
134.32787346931224,86.79391220168475,Label 74
286.47956153481607,109.08989374933223,Label 75
264.4812340014984,319.2692736892287,Label 76
320.2027056667357,197.6930824847107,Label 77
403.33407164766027,340.6456252308908,Label 78
379.37461078547574,123.92049384122726,Label 79
152.61307017805782,284.78348276456603,Label 80
292.43433887358964,154.93058828417836,Label 81
235.35356907002762,321.28408053227815,Label 82
244.87337502232162,147.56274619036873,Label 83
228.9715403519813,232.47619334086278,Label 84
243.2244929540706,169.02081619270004,Label 85
165.24732580173458,135.39124164025134,Label 86
362.137157757367,68.69243147303487,Label 87
242.30514658166268,271.16221900989456,Label 88
230.9149517611839,292.98726551018956,Label 89
305.0164699925374,194.329583228536,Label 90
163.29393990020776,219.67318732629647,Label 91
275.21081222374687,238.8530990939251,Label 92
374.1372034090906,292.42369444761323,Label 93
206.19936855837398,225.1728463064901,Label 94
141.34152089861448,306.1792862681297,Label 95
309.11727647544217,391.5761566171574,Label 96
172.15775353299108,193.1356975792722,Label 97
284.2231421378755,305.6526447624363,Label 98
290.94326748677105,337.4691390436941,Label 99
224.63112736059207,173.45296774925288,Label 100
330.86166832473396,186.46380865473412,Label 101
343.4149027488741,241.90803774676402,Label 102
324.8533223233697,205.60521251594173,Label 103
224.61138898715643,216.89976335545802,Label 104
277.5521803875608,246.66904839262145,Label 105
176.30657416494725,310.61124023820344,Label 106
290.6623161251972,46.73848551360959,Label 107
302.7828534572041,192.75530968040513,Label 108
338.71668209744166,279.2212167838115,Label 109
160.2150745984614,147.8186526381981,Label 110
229.73342912688767,243.01206812763704,Label 111
269.3241014455901,331.3177945081849,Label 112
251.41886625737166,228.3557830306588,Label 113
312.7704263076234,205.45143788078164,Label 114
202.2526825135708,143.68034739395486,Label 115
147.703204470382,68.04818226103424,Label 116
306.8480204122815,176.4929552429369,Label 117
374.0291380919524,169.98915878231963,Label 118
344.8673800465209,299.034613464492,Label 119
393.79960082634943,84.71893873539472,Label 120
251.47690825724945,83.39159229322632,Label 121
359.7204114761211,280.51223237424097,Label 122
154.2357673278407,202.58385646678678,Label 123
277.1436477864851,121.6959910449437,Label 124
147.0657799025454,130.17690770898253,Label 125
17.000581447224477,197.99636371644252,Label 126
236.11405835055572,131.79574292561188,Label 127
232.37963653053532,249.49547678355458,Label 128
300.7342525611965,168.53574507153408,Label 129
242.84993833851436,205.95231990853551,Label 130
246.75129602301624,181.70384856754572,Label 131
297.08419733224923,266.7330368257076,Label 132
351.170313969061,163.27483783606715,Label 133
208.34989583304974,199.32994206871604,Label 134
360.8459766465927,110.2716731025234,Label 135
263.29934635328135,255.510323178663,Label 136
204.9085373586419,118.79542757740985,Label 137
330.42256331456815,38.924445352595654,Label 138
152.44477145460928,200.59278903422654,Label 139
346.1553741935679,147.3209725813852,Label 140
287.0064072806491,135.81718335900783,Label 141
239.40018674202273,296.6165823024551,Label 142
254.8714474974783,234.11337963464018,Label 143
104.40691802002218,99.38425138082556,Label 144
204.51084397156768,221.01752656418796,Label 145
257.5753915768565,188.40118331125421,Label 146
119.43470790433662,200.93251353286968,Label 147
350.227705130991,197.8468229915895,Label 148
283.81931583216385,230.5281451201239,Label 149
138.30040950153193,252.8416411566798,Label 150
242.19960652313773,98.71448585418715,Label 151
308.25268328658524,224.5970627997045,Label 152
256.1312687937945,151.27759545203162,Label 153
126.5979285596808,138.052432174147,Label 154
254.84997494938267,98.06459816986445,Label 155
319.33195321794176,130.06518162679072,Label 156
195.2165520010632,166.90920430904313,Label 157
202.3718409657252,319.6704825859754,Label 158
277.30908419045244,242.08561819494992,Label 159
251.81307763106446,165.0798079987871,Label 160
304.79427595274666,205.84979653137904,Label 161
92.79291967305508,110.19409111609917,Label 162
361.612334342126,101.00064989266117,Label 163
128.58735053336454,245.4634864301283,Label 164
206.87302854864174,265.15842435258446,Label 165
349.2261268732251,153.02907310320992,Label 166
302.51402798559985,84.51853117784052,Label 167
244.49877917958514,138.30645202133292,Label 168
277.2701565272904,89.61503657577126,Label 169
321.93952287167104,214.11679636729664,Label 170
173.14236405737142,207.0726521513862,Label 171
339.7489366152723,129.53397580168314,Label 172
80.07817453096288,214.89700423063226,Label 173
211.9574963940356,187.51023157092195,Label 174
324.72267002209077,357.49412742169534,Label 175
316.6041406415123,310.53210552840824,Label 176
271.7965431498942,173.0186083046101,Label 177
277.34429899762847,194.99816708772,Label 178
251.69510062136004,174.49023245982252,Label 179
254.7207620024327,261.1367916244252,Label 180
334.2090184943511,175.36460747505532,Label 181
221.08966800997496,232.25071624682656,Label 182
252.75703684207184,136.48820972605054,Label 183
241.7721489838217,363.21747221098343,Label 184
112.5670557273861,14.237220783492063,Label 185
377.3421170222543,306.69052648790887,Label 186
399.1462929755961,220.96752796192365,Label 187
350.2145679263655,87.88137861938458,Label 188
281.69390181856045,175.78776319189396,Label 189
279.3133694769196,197.39724706940711,Label 190
300.9937435676303,111.23059551235544,Label 191
191.89708798249163,151.9285589539243,Label 192
284.41538642691347,135.60245525216806,Label 193
179.36352249820231,410.51527043658837,Label 194
355.2755905131275,127.50981191596536,Label 195
163.00384550147044,160.084036294023,Label 196
380.40007505429327,122.06855970293871,Label 197
136.510507795425,95.96200112294575,Label 198
191.90738890279317,145.88339600993913,Label 199
350.95259819615376,223.35236477841,Label 200
148.0909807724701,317.9083979629432,Label 201
287.13208819677254,128.97809033164026,Label 202
266.9659353931282,182.10795530512212,Label 203
318.79433333278706,147.82125566790137,Label 204
208.26370371497566,106.00226074386659,Label 205
68.95249656298995,213.53784558401583,Label 206
271.7862692664884,107.51442423504825,Label 207
161.61048002645407,251.82483950687137,Label 208
179.34631281767122,161.07980983871664,Label 209
177.559546991905,178.60812612331057,Label 210
379.35073603650335,169.04767995488288,Label 211
314.116895382668,219.44246474038175,Label 212
239.26058861314854,139.0389852078306,Label 213
268.38371587624175,122.57197773024623,Label 214
135.80445830463967,113.36198706219923,Label 215
169.54376192441487,208.97552003107913,Label 216
265.94010534027944,238.1243714084181,Label 217
365.14930581235865,62.550409712875165,Label 218
245.51295738882268,177.75359614097667,Label 219
153.63349243290696,249.14819099727856,Label 220
304.9069267732891,236.14842475984983,Label 221
205.63856745361844,259.1062003980595,Label 222
146.58359562651106,322.2172050650747,Label 223
225.76785952589438,97.59491345222416,Label 224
119.63720547917922,218.80437024483658,Label 225
110.75726130222017,294.45580075395344,Label 226
188.2244020497438,107.82449760909662,Label 227
199.48118586161937,216.46914815914064,Label 228
251.66852917644712,280.8714088009782,Label 229
287.87866111402485,216.734540820136,Label 230
231.73560430802254,238.7512383790551,Label 231
248.20840836397562,80.42874434375108,Label 232
343.6147466029807,145.42096258678419,Label 233
120.96236967829802,331.2734694604314,Label 234
196.4101167931227,268.3597929256841,Label 235
159.35546804867568,135.34308824098883,Label 236
331.77667948839803,226.67640947262655,Label 237
226.4059242491338,59.4596661554165,Label 238
330.16026845736377,145.56613499030138,Label 239
57.53865467983283,-38.48769993757972,Label 240
192.88544241790134,176.90950555585502,Label 241
184.74712817112527,258.0358166990533,Label 242
172.44846880247536,133.28904024267135,Label 243
23.71285213911281,285.7384399881745,Label 244
123.27821212166486,166.66597855398106,Label 245
134.66526448650882,364.63589517454886,Label 246
231.61627376253224,147.57873610009392,Label 247
401.33039380456097,153.01715876049124,Label 248
275.5859308788357,174.33891782852518,Label 249
307.42965728798,148.7934860192733,Label 250
157.24177969209248,262.6025535651275,Label 251
206.86665572619427,340.927465826414,Label 252
195.46470727916858,151.16936793534802,Label 253
231.3160880867296,236.8820279070406,Label 254
308.8922959191884,266.69752219221914,Label 255
259.9485454687778,194.00157999224453,Label 256
178.72714612532934,105.50930313613542,Label 257
344.0644709839054,144.89173457901035,Label 258
68.00201107292895,181.58449471307097,Label 259
247.12369375368917,116.03764725960437,Label 260
352.31992956575004,112.51615888008773,Label 261
225.3003635217955,130.35449235569706,Label 262
267.80869228929373,96.12465378177632,Label 263
83.38269312359566,161.2165671411282,Label 264
395.73346320114064,287.7465739393781,Label 265
272.16095663079903,188.06176809820175,Label 266
315.9208331308119,69.9368403939246,Label 267
303.17573236706403,223.88176322872073,Label 268
301.0009727593285,221.5897854338181,Label 269
170.36058024678567,191.1295380565043,Label 270
157.98533090957477,240.65657556337894,Label 271
446.86216718152093,167.6931238522561,Label 272
295.17853913653664,173.79140703043274,Label 273
204.75010785116552,352.30910296282843,Label 274
265.5194925530865,203.9455321252524,Label 275
357.52275653806186,236.58438613781829,Label 276
238.22128737784175,234.8642369766454,Label 277
290.6192153005921,251.64862862123192,Label 278
187.67250836540234,288.06964127536787,Label 279
206.6220973378969,316.3055259519796,Label 280
292.3003022895586,323.8247291403994,Label 281
220.08436217723957,178.29702839584584,Label 282
165.56365673893652,125.54742271194345,Label 283
340.36898814573266,236.17977670045772,Label 284
124.35844094864399,91.638699348211,Label 285
214.5190867938346,314.3829074527129,Label 286
214.39121639388972,173.28159481252288,Label 287
258.0211416056339,318.66425694359907,Label 288
86.05364444576398,220.445103412169,Label 289
204.1227022709856,215.9348353444363,Label 290
105.29881964653796,199.1264905375407,Label 291
168.0145786319885,273.4780383667917,Label 292
357.71085371391365,237.35572991693712,Label 293
263.94736535645416,86.54736876874587,Label 294
185.67236100815632,375.7905133117682,Label 295
118.41546856636535,286.0240293192116,Label 296
260.09941918626276,148.6624092873314,Label 297
264.8693949202854,28.446949079139415,Label 298
112.50840330810146,190.09897589397767,Label 299
259.3599409427477,163.9141194455301,Label 300
166.99688029433906,202.7103793650781,Label 301
344.3046788190699,296.38225748314625,Label 302
328.22366658636713,207.4840366015291,Label 303
214.62536265073524,242.31446489205513,Label 304
243.371607919988,170.1899466434675,Label 305
207.83751653089206,266.2980224706877,Label 306
176.645688484956,144.86612122550298,Label 307
208.02162606538954,348.9518254121774,Label 308
250.53424789202364,313.76586811991814,Label 309
252.20859247694338,241.25496740122082,Label 310
197.10859004288676,153.5818784775812,Label 311
362.4657025200109,218.38934084564755,Label 312
391.2175522656886,44.34633957565771,Label 313
284.3860299297858,154.22925968033502,Label 314
168.96094024773467,164.71326885665994,Label 315
205.8323698028796,187.67104263139765,Label 316
161.40603240529632,196.29574998051984,Label 317
287.1898040599714,115.22653691177085,Label 318
235.53191531227392,308.2347851621062,Label 319
363.79713332483595,124.25622191810419,Label 320
268.08532724530863,363.5616831188007,Label 321
304.0136842767388,148.51634904436366,Label 322
209.40621934253,228.14057425945174,Label 323
192.3122863476993,229.04665588779076,Label 324
227.43042612960625,240.55774931657623,Label 325
62.427361437491385,139.03612600025588,Label 326
108.85199009332786,269.74185529484976,Label 327
257.76841352262346,212.64369784374213,Label 328
359.71965446911497,315.4594971372432,Label 329
235.3102698884923,149.62556437523983,Label 330
183.8097180447163,275.60604679888695,Label 331
164.14445748388354,157.31012531303284,Label 332
328.24600289033503,349.65291575891774,Label 333
260.63436954329103,148.6434203944824,Label 334
218.33509792360925,130.69255843007306,Label 335
109.52000737431507,195.22210716813044,Label 336
229.96362712245949,191.74587358557977,Label 337
250.7309834097063,135.0097065242379,Label 338
144.2907758576084,82.60224928840763,Label 339
256.0405994705913,242.2992657099814,Label 340
239.69175539591188,164.1918029216004,Label 341
226.5750957333776,135.3107799974216,Label 342
181.36454266528008,174.53152090015118,Label 343
277.015944107288,197.22829498050248,Label 344
246.63816256635022,270.4863274927196,Label 345
236.72428798044598,95.76134859774352,Label 346
273.02907570885793,136.27542414724226,Label 347
137.18992050340867,333.8202939807724,Label 348
319.0998850173121,268.0469308208257,Label 349
209.61554705086814,224.5368078197937,Label 350
169.41861175453818,283.0627411133835,Label 351
246.59931750532766,120.16474117106151,Label 352
187.64913931051439,106.64250484383557,Label 353
317.2740220349682,276.7172082755923,Label 354
268.663556102021,323.4711053244837,Label 355
183.26547200611395,237.4673349750929,Label 356
257.14885387540954,122.1397529345795,Label 357
373.5200105907613,121.73076793548167,Label 358
264.8275162368961,125.54344220632271,Label 359
158.59696927274794,181.51090101462987,Label 360
258.0266671818655,281.7091644611113,Label 361
390.9999637071942,170.4086448062829,Label 362
173.0744734385674,235.2108613573636,Label 363
262.7116987472707,206.14624344098306,Label 364
232.27047643012034,291.14021477937905,Label 365
215.52271914702996,180.27640344337257,Label 366
206.73041472054447,248.19516797774568,Label 367
188.13695397709853,211.72272954990302,Label 368
407.975403566307,140.46883619252492,Label 369
269.1922073244458,338.02704817276685,Label 370
297.21044481846985,151.87496133562098,Label 371
317.8079826878541,169.03929283443412,Label 372
274.1888855712026,240.878323061404,Label 373
225.11777543382186,234.14327076592738,Label 374
298.3201011631672,306.16040716032677,Label 375
209.44534617811252,205.16915071378082,Label 376
278.03801749161624,301.2258569225685,Label 377
277.44772135514023,236.3695569002326,Label 378
73.3341713043674,152.02126389262608,Label 379
298.63110561530215,169.04004187032132,Label 380
163.70031308341663,152.1871522892847,Label 381
191.4267751419382,242.51768103081875,Label 382
273.72501386009344,289.3122608587214,Label 383
170.44408905848968,305.33661602041263,Label 384
281.61328901824754,337.4938962668905,Label 385
276.6667876739342,364.19913544172726,Label 386
345.18301740790866,215.01224248026335,Label 387
327.38145007712137,99.55023251760167,Label 388
124.02728477593172,232.79837995465115,Label 389
357.8603237193207,141.58918356940063,Label 390
205.89791593672246,68.88381562518563,Label 391
399.3036695318134,147.85167338857065,Label 392
165.78973006962525,183.21040448683937,Label 393
242.42536920330755,324.7892140548136,Label 394
345.59117115271056,330.36771226027025,Label 395
313.41621312250095,100.02913090714337,Label 396
291.2020100133826,172.27317871325332,Label 397
322.6042071351594,200.33218717290097,Label 398
377.16794420095056,205.1658768422503,Label 399
367.77357498247045,135.33809271192914,Label 400
61.19088591278407,162.54149348915143,Label 401
213.67337660007132,121.13248822455527,Label 402
299.39268364020916,240.407341264045,Label 403
328.89707433511137,217.92810941848276,Label 404
206.26945115409296,205.72965324703935,Label 405
219.11943670846108,195.50302164116138,Label 406
256.19425566697055,71.68670745758584,Label 407
268.86643704094183,211.85602740755294,Label 408
296.33582941767395,167.88592198889944,Label 409
340.49163377712784,94.15723811439295,Label 410
50.10465765838134,186.0907103264748,Label 411
366.8494257187436,172.9824014448171,Label 412
363.5866520952933,155.00083500260513,Label 413
281.55501312502315,173.54171476645982,Label 414
182.43874054861283,106.31784892178526,Label 415
224.6655291743154,246.4759496333189,Label 416
332.40155289714386,162.6201493634145,Label 417
172.80441847741224,278.6643363214817,Label 418
204.66120423834073,198.55176828244007,Label 419
316.4419591566875,191.7190431514822,Label 420
288.7611744079419,279.9271697523551,Label 421
185.2844992963069,182.47493370101566,Label 422
247.45319992489655,351.7211062839435,Label 423
230.20872058654058,103.90761219370356,Label 424
249.192999675373,274.06388142168055,Label 425
133.52021590071516,113.23861725331463,Label 426
245.34230188960538,33.538845213672744,Label 427
294.9829047778815,150.76925186866092,Label 428
260.0878841893672,6.572604788885684,Label 429
125.32034619680084,190.261901016799,Label 430
179.29632348529455,184.48257757587035,Label 431
203.20091128788457,94.04519844830631,Label 432
268.0765580357779,180.19622940004706,Label 433
209.3479287579256,262.4840336394249,Label 434
385.30276691078586,239.9379303236578,Label 435
176.65233593560785,77.92208517113532,Label 436
238.45257843224596,239.16059973413445,Label 437
231.42223778561512,209.15326477663572,Label 438
345.23441168382806,31.574142743051823,Label 439
146.02909874666358,23.772304564955732,Label 440
157.0221653682791,287.1142700984925,Label 441
319.32134731802665,343.3776595148859,Label 442
330.6955148524031,71.37496611951028,Label 443
370.9814198070277,273.49613526744724,Label 444
339.15607304675143,134.4553356139813,Label 445
346.2043395962099,299.82526767386855,Label 446
310.46958316680514,219.12086576924136,Label 447
256.67826571323764,63.54900122244473,Label 448
308.4056124730462,122.56742534592311,Label 449
326.2501428731809,129.3512873995157,Label 450
321.6911017310932,403.1999253574778,Label 451
301.8767538778402,144.29772834343635,Label 452
216.23717341475484,114.44683022812349,Label 453
242.22535899928752,356.9324927784709,Label 454
371.1224620863152,257.1090204429286,Label 455
315.84151067672184,182.37693875674955,Label 456
293.3965727648904,160.14171218428282,Label 457
222.8852255385757,232.50374746659676,Label 458
311.12878612389136,84.57412128061154,Label 459
290.05014680060106,196.19872688019566,Label 460
157.06938799221695,148.52052756265982,Label 461
308.90986433908574,286.21980761190156,Label 462
150.60577078678546,102.42321382401113,Label 463
465.04759938631287,182.692511404529,Label 464
185.7731423731658,172.62018580201226,Label 465
285.10377603161317,292.49694185264525,Label 466
203.61071173896727,299.8340560275201,Label 467
165.64902447661512,236.62836507528908,Label 468
435.18241273048966,178.7969952257305,Label 469
128.94221945261842,272.5633307910382,Label 470
246.52707913501715,381.912947283456,Label 471
363.7108919647096,137.27813956290902,Label 472
388.3611198090133,226.64290715690416,Label 473
140.4008296889845,205.8429876643529,Label 474
188.45770704794242,213.37648605262854,Label 475
142.04145660299463,268.16321374131167,Label 476
277.2074822567902,51.38847588044669,Label 477
264.88569761907496,71.79374188734295,Label 478
251.6690914526471,209.88252997428793,Label 479
197.03319143536498,192.90054475420587,Label 480
405.9596381400948,240.29410957113657,Label 481
146.95972810322098,203.78230359759186,Label 482
314.2408547067957,211.38699097711094,Label 483
112.15726044163438,196.4426664202173,Label 484
335.8048926879672,200.15322932803954,Label 485
268.12125119881284,108.51899645436905,Label 486
308.6211269771562,154.43889277410437,Label 487
178.70158780908,122.34637910587274,Label 488
284.2140977386599,147.72828660828017,Label 489
276.86897678622984,349.4311320770438,Label 490
214.95949592027932,224.85036635132835,Label 491
389.54709560001777,207.3218193462978,Label 492
322.64764807760923,395.9849733426345,Label 493
140.34899067544688,254.115457165683,Label 494
203.5184587095421,195.0337693589494,Label 495
236.43697443540322,259.775982631823,Label 496
218.82642423048316,210.69738298008542,Label 497
152.81802537913862,199.66615865316595,Label 498
288.2944786422762,413.31409614973757,Label 499
117.01098210754986,90.94971369792275,Label 500
-10.96698389725708,454.96578439062085,Label 501
238.46942732654801,186.37576844129288,Label 502
341.13319595584977,116.31960020359801,Label 503
350.6921452935961,252.78573504805823,Label 504
413.6828695222934,122.41868927505507,Label 505
233.10817984204854,158.8345643583807,Label 506
194.7721746854478,243.4059079178436,Label 507
174.20801600671123,238.81568718973438,Label 508
315.15753087224624,67.58719773564792,Label 509
269.0445097304679,272.9515294072775,Label 510
196.32165579593016,420.3626071779844,Label 511
312.3278294215877,172.66586816377696,Label 512
298.0362849234678,32.9538510688792,Label 513
348.36629453253096,303.9818585720885,Label 514
148.83162581887808,156.57665988400905,Label 515
202.51044003104548,120.33934726022574,Label 516
195.74732856433016,179.60366584668142,Label 517
290.81393557821383,358.8634027662466,Label 518
96.403071273162,291.1596310855997,Label 519
268.2619638429634,195.22439020481934,Label 520
299.0694224115786,271.54437611961816,Label 521
167.05132356527128,275.0346509009929,Label 522
350.4966633810339,207.08264786478432,Label 523
319.15389127881963,145.4874923366383,Label 524
119.27733438089672,254.08399180892982,Label 525
224.89284239314773,269.6709403428837,Label 526
187.66236491694423,71.4276099053252,Label 527
204.78383198873405,231.47661882820714,Label 528
349.4357152209914,274.5125568509893,Label 529
184.70495540617222,339.30453292506854,Label 530
276.5038328931261,227.60846561389548,Label 531
217.93585654735256,202.59802038139304,Label 532
282.4905979105845,250.09958367957938,Label 533
201.34512227821762,135.520713589784,Label 534
286.71883846655413,142.13416701284444,Label 535
173.72627491550855,371.6081769669288,Label 536
287.9292876667422,194.717855880872,Label 537
269.9708991069156,130.97823684897963,Label 538
268.7576374594408,265.7297814855569,Label 539
370.7843403160834,176.88557503722998,Label 540
235.50413087573887,204.8740415667618,Label 541
193.64700037236034,214.6246824715701,Label 542
358.5642651303966,195.8111865768355,Label 543
321.73116358112264,202.01908237666666,Label 544
157.45770160713812,174.50737493999318,Label 545
324.3665539445018,29.25594265234102,Label 546
90.36563905916984,342.35855770416333,Label 547
208.9985855980241,200.2173949727843,Label 548
280.5806337826058,273.2859200806528,Label 549
201.71523634648685,268.84154075652424,Label 550
230.4560788525179,122.53807941497075,Label 551
150.52867736518874,254.89810261168375,Label 552
160.20135344183797,136.070412193225,Label 553
198.23472899220909,193.85651174422395,Label 554
87.56868894792188,276.9558916436947,Label 555
156.89024814254665,250.46121361133515,Label 556
151.70220424621107,369.72198101527914,Label 557
196.41676087691403,206.5919708122739,Label 558
272.11186508407934,227.45369145978663,Label 559
277.61122153211915,269.9746251162617,Label 560
229.98403788586654,256.2956782998179,Label 561
316.45376338228334,130.36988899261172,Label 562
314.6244567573687,348.19244396466024,Label 563
278.65872013395926,315.64179007202824,Label 564
230.71343438156123,245.62905078572885,Label 565
285.53342921056253,270.6698609149919,Label 566
234.84314285032522,127.81165683566417,Label 567
198.97252753233093,233.6607785157314,Label 568
81.82037438118215,202.28693932921652,Label 569
274.64280379295894,357.59317034114906,Label 570
337.2105609996557,204.7613231530387,Label 571
216.50272914104804,326.8003845202637,Label 572
239.0143766843177,94.99199476571954,Label 573
343.7623347972496,147.5446330967422,Label 574
294.14263086530167,-72.82138442221896,Label 575
276.92092387487395,81.73229735929121,Label 576
178.35629169714534,89.33848798925258,Label 577
297.77399539261205,81.76518571484075,Label 578
218.80915578441466,181.91721929627124,Label 579
173.1281607785685,303.21625727391825,Label 580
217.79538298086447,142.66240434467753,Label 581
319.8016619742322,426.43430324379324,Label 582
266.7207201240957,212.9018546531793,Label 583
242.71985834823525,183.03269414109639,Label 584
206.76544240304563,90.6504824384888,Label 585
99.18993641774338,81.27187274021985,Label 586
306.76275558948686,120.68094068470981,Label 587
89.53249764436617,112.63971417717376,Label 588
178.77477673843126,138.07087479220286,Label 589
201.15875539221076,291.8794533955444,Label 590
202.1629528404888,266.2406242006126,Label 591
337.8706623713662,28.709176974383297,Label 592
284.2506559962998,181.42258431393316,Label 593
251.82753967865375,179.03952190966004,Label 594
156.84457833534384,111.14706438637843,Label 595
362.22977179113104,228.4494736563143,Label 596
138.2403253908659,290.45708835226003,Label 597
233.4464358047914,95.9930936893002,Label 598
197.67205595610218,154.57426401105988,Label 599
224.71183134834058,147.48094700463923,Label 600
157.09422986920794,193.5895999019319,Label 601
203.72958011691526,202.67721263918395,Label 602
101.58552220584824,100.9498967450217,Label 603
115.88695674011615,250.59399142664142,Label 604
179.03206918771963,149.37862756147746,Label 605
382.77018490091666,218.67852843711879,Label 606
336.7129413016229,201.05215038253596,Label 607
188.07747118868156,146.4491469974651,Label 608
335.0276304585533,42.52819721433639,Label 609
408.114179832274,339.72556695765127,Label 610
174.46152818853335,188.79840943383874,Label 611
289.67064972188894,75.40786496515096,Label 612
163.84180480742418,111.46228137557948,Label 613
218.55540919821595,109.72534430828878,Label 614
347.50680436713776,135.45029221125463,Label 615
326.6896691395841,114.50861316080844,Label 616
107.39403367537679,268.25936033139055,Label 617
186.00742069828385,129.90698353721837,Label 618
369.30629243356935,229.9082500155657,Label 619
267.7166174405776,223.4420930949002,Label 620
218.7504343001864,135.71696400860284,Label 621
421.956581235123,175.18637435587087,Label 622
255.21388661130962,122.13659002949697,Label 623
356.7002597964868,137.56568910190703,Label 624
308.31902469141306,254.10972862635043,Label 625
297.6019000250261,73.29141207254318,Label 626
392.190268533697,315.08984149221794,Label 627
277.09438273964736,193.7599977652715,Label 628
216.45052886278586,277.3236750798366,Label 629
161.32303013135322,212.1090209413713,Label 630
166.45542139712472,106.46370641758224,Label 631
168.39816397556615,96.13115203775587,Label 632
357.89954491319173,211.00408002944573,Label 633
319.3547330373633,207.2645551998421,Label 634
249.96653147404433,256.19053309997787,Label 635
282.68288098335006,131.93735356115806,Label 636
259.74961525749296,119.78838659769748,Label 637
184.01619366496698,348.81248490564025,Label 638
254.2519811214843,213.09821828772724,Label 639
219.72435635902616,42.58204060680956,Label 640
232.86299812313405,281.3603326567567,Label 641
331.28945809874983,61.172496769687115,Label 642
389.77277849166535,285.571245247702,Label 643
158.37435313257077,358.20953309733613,Label 644
377.76928518364366,169.38456964127448,Label 645
313.01801878255236,231.45220216530066,Label 646
231.83883054556438,136.99871275645097,Label 647
233.09988953513187,153.68214828525242,Label 648
292.81080165650644,217.65200141271,Label 649
210.05836078163017,88.10157106791077,Label 650
299.8504127727526,188.5789905655367,Label 651
220.23715428012275,202.26457193636176,Label 652
263.4229101149907,349.7805516468646,Label 653
201.11164730671098,224.57514387842755,Label 654
116.94511297176518,53.73584052352393,Label 655
190.5288337321944,288.75101698829263,Label 656
143.66423887074862,265.3091249510942,Label 657
253.04172871611414,362.1105906423941,Label 658
256.0375440846847,74.73159903675939,Label 659
282.6006797387808,323.93594601288436,Label 660
182.01309564934434,187.1780782789218,Label 661
305.5777956333607,191.8236031760138,Label 662
254.8575212403264,220.49895115155795,Label 663
172.77584417651633,257.3459662363637,Label 664
227.47119094835716,201.62376827760025,Label 665
216.59943653188202,141.2142542492528,Label 666
213.5013034178747,250.36632423004806,Label 667
322.3301317905999,212.93928568779745,Label 668
282.363556771977,172.72699514884215,Label 669
87.47585191913657,189.19527523573717,Label 670
321.6963940327925,-40.80788556996495,Label 671
178.11183492076273,66.72474947410547,Label 672
362.34324968122843,175.6292322148464,Label 673
231.54718982782765,197.37366987018675,Label 674
74.66146433089523,36.276253957399604,Label 675
282.3838529148004,290.8759934457723,Label 676
177.79460347777314,205.31033839306065,Label 677
180.51563775056525,261.7438287725596,Label 678
181.6465964855004,275.0647962778021,Label 679
178.6907406964429,90.24242433427528,Label 680
269.680995859917,303.6065436973919,Label 681
207.23110436939672,255.91010744565824,Label 682
142.0525553126639,185.8062483844681,Label 683
181.27214937322753,71.908925266328,Label 684
222.34538063937404,174.3467432894247,Label 685
160.97538981412663,293.5674215958353,Label 686
182.17674439587577,213.1359846698332,Label 687
326.38463677860074,185.32657880832008,Label 688
277.6143820386435,182.6230337173213,Label 689
229.81131693417916,154.02496447902024,Label 690
174.85263172002308,274.62330167021446,Label 691
302.6467145442234,195.0925627638725,Label 692
246.7818316291978,277.26682269062616,Label 693
162.24306325119258,260.4113068013572,Label 694
270.42708826971534,100.83664083090758,Label 695
309.03236625420936,198.6072306544813,Label 696
265.1471237830084,91.89801579186407,Label 697
187.65911014674504,300.251253346348,Label 698
308.7592591444669,192.59407075979564,Label 699
261.8842133721282,243.9192811037235,Label 700
54.090746815220456,393.8867807757083,Label 701
361.73067672362185,335.468590971804,Label 702
451.22752226951195,304.6984644159451,Label 703
182.11861760723258,160.268159623435,Label 704
361.4098617081637,120.27653764999354,Label 705
216.61966740583767,229.01529053352246,Label 706
208.7396761098319,222.67313165683385,Label 707
268.96266069274213,210.36651791343343,Label 708
307.09438690328597,375.090505007161,Label 709
171.12793049307535,66.07428226689521,Label 710
239.90838211833008,91.50930474093198,Label 711
380.2705552772478,204.99795180802306,Label 712
242.37484168252266,206.80367506986943,Label 713
402.54291428600106,225.74332741659146,Label 714
278.5655711865908,190.97656076451898,Label 715
286.2840508087294,267.90197674156474,Label 716
347.7264268463657,265.8357432256737,Label 717
232.71859568852437,325.54082436011714,Label 718
138.53052232891162,163.0865873516135,Label 719
269.15722597079935,131.98470521926305,Label 720
262.8667370028776,247.8137732725935,Label 721
238.9397082724693,142.73084450969864,Label 722
329.93796119571283,206.7084183357452,Label 723
284.1889473140666,127.28743334912299,Label 724
237.62949183611306,113.63682998792086,Label 725
262.96354958423336,154.54334340747027,Label 726
69.02774495992614,137.18466913262074,Label 727
219.79778565687778,348.74649626052303,Label 728
143.8751511413672,187.9436960447935,Label 729
151.1438159166318,248.48346532543272,Label 730
202.7440361019728,227.15792841735907,Label 731
256.7213766524298,127.11452503777019,Label 732
241.3327590178732,296.6319654328475,Label 733
323.8897949358814,167.66695880673547,Label 734
197.10976574701215,193.79007357067542,Label 735
287.15419114243304,185.29219881665745,Label 736
243.94787109802786,226.02027308464727,Label 737
213.33457043144853,138.40641776562063,Label 738
244.4091034162151,58.92635698139861,Label 739
218.53482474806944,33.69318305547341,Label 740
107.55546665451155,175.47461859506967,Label 741
335.1346855309409,216.83514400815534,Label 742
133.9628084774468,134.45242332013922,Label 743
256.70704148664623,102.24712972043056,Label 744
251.74712921293647,94.31991116453074,Label 745
223.23810226748475,231.9970940066436,Label 746
307.17220049906626,-15.6370592196688,Label 747
282.94967518211695,221.77499203925154,Label 748
341.74027522904623,386.53919144511326,Label 749
143.68233485730946,148.95813617241836,Label 750
258.06432256206944,188.47663129441023,Label 751
253.07345411154958,151.6627413397237,Label 752
265.0410552667885,105.07843035430086,Label 753
150.7272379046346,205.90397937692978,Label 754
333.87678782133463,208.81304508598586,Label 755
267.1581380922333,128.86340113617103,Label 756
251.53098948240097,175.8163046843123,Label 757
265.06951527352044,370.12810589373066,Label 758
291.40883855475323,108.4452065559569,Label 759
162.1468231844655,198.5217581025669,Label 760
171.32436818714189,270.38232793190423,Label 761
337.08196649881984,146.3826339466574,Label 762
302.504724357022,103.87656053937758,Label 763
210.26476421094455,86.43497182429289,Label 764
198.39566713019116,402.73574426820466,Label 765
169.0172379200182,230.84290030816499,Label 766
312.1746189602247,202.68291925610222,Label 767
417.278247996869,174.15640563882536,Label 768
202.0502114383109,307.8069939558251,Label 769
239.55636992320845,324.2623128574346,Label 770
310.6296586758859,158.99914858366316,Label 771
288.2612431942681,338.58856605623805,Label 772
199.42961984838553,239.70393786166306,Label 773
318.36511950060617,218.24374552388554,Label 774
178.42516395322616,207.31990147507972,Label 775
160.02104137624463,278.5792776887529,Label 776
192.6821844985738,284.83811144657045,Label 777
251.10522702032594,230.00360189722045,Label 778
256.9743941048467,6.8468247817532415,Label 779
147.01992131693783,259.6380806491624,Label 780
298.5880416221907,208.14303982893205,Label 781
266.0647021042511,232.14407260081265,Label 782
159.7733894854487,243.80230461487537,Label 783
249.32962188334872,189.65798196349022,Label 784
330.93165037995647,63.48889526605643,Label 785
233.2686539480683,241.30309374106807,Label 786
304.0548424850824,249.64135826502877,Label 787
334.0370757952004,275.85299677166375,Label 788
96.90935164842841,359.9596952883677,Label 789
153.55277995066018,220.99649371556293,Label 790
171.50146095387618,142.27773288074354,Label 791
225.1626030895854,347.23860022061933,Label 792
293.25092940864965,237.92265568914772,Label 793
95.65318524859867,166.64465320450714,Label 794
302.73609100405235,350.35072088829577,Label 795
296.8948723103508,247.76421823794317,Label 796
261.25783514451706,124.0271229850244,Label 797
119.70445052016754,291.93012904410097,Label 798
371.9272158560143,91.22938089133383,Label 799
327.66925733052574,170.29524371206105,Label 800
278.2189271374122,240.99615997613287,Label 801
324.85882374716476,102.20965122445145,Label 802
139.89052870003155,241.42653301251255,Label 803
211.77700134734528,156.74363671014862,Label 804
115.81193888979573,238.10345451493612,Label 805
228.32750322250266,148.81620427684834,Label 806
174.5561664700241,303.6732953831651,Label 807
11.97330843864276,243.0550147606736,Label 808
258.7459938326629,310.7600039911989,Label 809
274.9335258687128,255.62541625907093,Label 810
263.14094141953797,229.94720459973468,Label 811
178.54946379104837,291.8730466826182,Label 812
186.8913613023045,214.25565473060053,Label 813
377.77425611956517,210.62326186905636,Label 814
202.96145663242532,394.5216988456642,Label 815
329.20384562339416,236.69282565968575,Label 816
394.99739179648043,141.00127761861683,Label 817
120.41027512761289,125.77519060713935,Label 818
143.48085086565874,228.57039392296804,Label 819
223.08384936874094,261.5078013618536,Label 820
225.0221588150998,271.7846703493737,Label 821
320.71371004513526,132.31820166496843,Label 822
302.8028779853058,321.82719165955393,Label 823
291.4809878039137,214.92404518184438,Label 824
319.7962606058671,156.74764379448115,Label 825
199.23477487153116,257.79278292993695,Label 826
225.09689288018305,339.4808335087206,Label 827
134.7265081511929,343.4675461533956,Label 828
240.70953837399898,208.13323940980368,Label 829
319.9530484920175,146.22179399975104,Label 830
284.18759737121746,240.74529075054247,Label 831
379.29048093256733,218.71692611406485,Label 832
297.29393668940037,147.18662002231795,Label 833
166.60987398083765,213.12350820602052,Label 834
208.62512165135053,301.600035686898,Label 835
222.3660874931238,213.58319384161842,Label 836
86.43042452681473,287.5221689966155,Label 837
328.13079506138104,207.17026173873705,Label 838
201.82716386509344,152.27588502097095,Label 839
299.00662746227016,169.82369127464128,Label 840
214.21788359310165,235.22105701553212,Label 841
312.63314058342127,311.366429346812,Label 842
123.48565658825734,126.76899317034564,Label 843
299.56355191495396,305.7854737410244,Label 844
208.85418769787933,138.78958210255593,Label 845
222.75352208413423,191.7701183802435,Label 846
183.31959217362322,135.72849079622875,Label 847
252.13482340221023,173.95603946602384,Label 848
315.11641128080896,227.47019995060208,Label 849
132.33046598798595,70.80897314312199,Label 850
117.07668111262245,226.12913118505932,Label 851
267.52079801172516,161.65951650036493,Label 852
208.88182659103597,20.528425693394013,Label 853
183.6518199437047,154.1430720078817,Label 854
327.85396426644814,200.307946408154,Label 855
306.6663723575915,348.1636903425866,Label 856
141.74056522955595,234.04844570201007,Label 857
189.03483448860527,139.11081427676342,Label 858
349.8076178631973,367.7810322297057,Label 859
324.3659055958226,152.8422691076025,Label 860
293.1879990687502,121.58002752945157,Label 861
314.3715882560699,156.060067082446,Label 862
230.66859780994804,25.059033512953278,Label 863
189.0016317922307,272.0693933242099,Label 864
276.037968512499,164.72057058740134,Label 865
353.7281889616379,98.30180096771583,Label 866
71.92880034145972,119.72467029392173,Label 867
281.0537886969239,188.1543896388499,Label 868
117.16691933363532,110.27552698798542,Label 869
295.49231040478014,190.16911157794297,Label 870
398.0738723450128,100.96331918597086,Label 871
295.1931762003794,202.94729051448928,Label 872
120.470965545881,204.01380245339385,Label 873
200.34714774762813,249.84149232567378,Label 874
360.18783155125277,305.80586149240025,Label 875
125.03273993119792,267.5070260029378,Label 876
340.5707926179441,90.84354719335337,Label 877
405.9854776496036,158.59793758551305,Label 878
380.00648702024284,72.62690551549764,Label 879
248.1901970796779,221.66340510044694,Label 880
185.04670843727183,237.76688808720795,Label 881
213.7755186020944,212.26527976001748,Label 882
237.80997511364728,261.28408566618,Label 883
238.96180836533128,219.6905684247093,Label 884
135.083427867867,232.20947846680087,Label 885
307.75224170888816,166.12246531901553,Label 886
258.9836249368842,250.1200081974884,Label 887
220.55264132714734,364.830571751069,Label 888
286.8764024947477,225.7357768077809,Label 889
207.51126976994016,318.7845118839132,Label 890
299.35008493489903,278.16840950916355,Label 891
136.66831502945647,162.37943911052747,Label 892
316.87233301209505,224.9075146459151,Label 893
185.0942155865555,144.03665039026458,Label 894
328.7153740382905,173.15762688776002,Label 895
359.9361946580718,-3.3315402054364256,Label 896
313.46537909013523,182.21371996301204,Label 897
232.90866354228606,171.99706242581695,Label 898
344.1739941769657,237.88352888825267,Label 899
257.8411041685257,190.67344088940104,Label 900
200.98381487150104,195.96658220129262,Label 901
257.481530917253,283.6979601804874,Label 902
163.23192924916546,224.3030800770265,Label 903
405.71446754272625,202.95215663284472,Label 904
331.16587510914667,225.21718790403648,Label 905
236.44863558394073,311.73838046519575,Label 906
200.70110764461825,66.63284306925945,Label 907
210.3103670740525,368.56513490037224,Label 908
163.67720833335372,190.62117988690045,Label 909
205.45099094684122,177.54304138371603,Label 910
199.89766274728976,118.42012187236385,Label 911
181.3990190997652,348.69693903295695,Label 912
252.5312638822027,136.25227582402977,Label 913
367.0942685912301,319.4367707644617,Label 914
173.55032246910469,266.58088696930173,Label 915
223.70173878285644,13.97315397765351,Label 916
386.74272307134174,302.6286955776276,Label 917
286.05635343996585,82.46296975240482,Label 918
305.23657618254725,131.46813907464474,Label 919
276.8996038680282,188.17269521206214,Label 920
230.12318405097577,147.7191838125267,Label 921
207.03924967123822,199.32035020111226,Label 922
373.3583359677748,208.77173145916402,Label 923
201.88525294324498,264.83898117112096,Label 924
253.63505586183464,243.9626973914861,Label 925
369.28065887469126,262.0616654596369,Label 926
281.07211338983427,77.29170224967136,Label 927
194.7848792313286,61.5126752098933,Label 928
144.42465813875506,141.60060570093898,Label 929
166.50071290453604,250.3445418248065,Label 930
209.99887650667733,174.6259054938527,Label 931
372.587452541739,134.46398370891092,Label 932
233.69443593477607,237.60328690324127,Label 933
261.4460124967701,220.84494362037418,Label 934
190.41312449839043,218.98498229013413,Label 935
63.82267610251958,279.99023611004066,Label 936
287.45483074727406,220.50606024906472,Label 937
253.92793643703888,161.51937098626632,Label 938
359.10703740558955,355.59667032188906,Label 939
260.9504390620532,166.29097980684054,Label 940
320.9301279139307,162.55275451018062,Label 941
208.5931584738934,181.39759393131828,Label 942
243.22490550188377,294.13749411286835,Label 943
196.6748486430003,181.47251720188302,Label 944
287.9488610009822,228.6447508067462,Label 945
334.7893363148348,196.07667107399152,Label 946
116.02689381194699,232.07756125143587,Label 947
291.5833543877895,208.1934123867204,Label 948
103.63954807527247,238.4254053920829,Label 949
138.85012679515603,272.9621029204274,Label 950
229.47877779286853,214.83714279297675,Label 951
296.37526828721843,197.93801292072382,Label 952
339.65464155527786,198.16775437737175,Label 953
324.09086467024633,266.931532381741,Label 954
230.33681364498392,204.38709620314563,Label 955
249.67874259437272,320.14842187383533,Label 956
230.58589375593854,209.86395142742128,Label 957
195.89734468325534,287.7485798967046,Label 958
265.01255223131415,182.75296981688086,Label 959
199.55363623353912,213.19868688654594,Label 960
242.8080463560175,245.84794579503088,Label 961
242.17781730812112,87.08751905834016,Label 962
173.6819520308754,196.56780515608074,Label 963
298.57062243402595,171.14903913843727,Label 964
235.07510674757273,153.43758235922292,Label 965
54.65602333314271,243.6088269588772,Label 966
250.08039805588567,196.0972382145279,Label 967
138.73414578319296,70.86611721197966,Label 968
121.25940740209239,120.38635783009893,Label 969
285.1286198021686,206.72112505649537,Label 970
155.34952147688938,231.30577349638085,Label 971
204.7981018882297,91.81103641140562,Label 972
184.18052048798182,309.7926140853916,Label 973
339.36413502718125,68.17679531886822,Label 974
335.8646165269987,266.97167787759435,Label 975
244.65066927553724,148.15395767321442,Label 976
319.94286096661534,154.41797565539628,Label 977
116.16228352041173,140.84722554752778,Label 978
279.36273325109573,138.12298689714535,Label 979
293.4495606525636,168.90495082765707,Label 980
216.98083953934042,322.292550988449,Label 981
337.3672214720182,193.42078686568235,Label 982
225.5970021982861,44.05543332170129,Label 983
241.4983748949392,89.75923944189185,Label 984
119.54512818817182,209.91042691190648,Label 985
256.161069477653,190.1635276953368,Label 986
263.9800216727777,186.4005533136366,Label 987
236.0187859938208,220.59716247995425,Label 988
18.009449250306687,120.99241072717099,Label 989
142.25608532943494,221.3351380203515,Label 990
269.80327316020583,314.42289779906764,Label 991
252.32132715171943,230.7390824831086,Label 992
338.463714932877,170.11260033010927,Label 993
189.56087240466283,180.90493257241388,Label 994
190.36412139946842,325.4241211415558,Label 995
297.24336232775033,136.26777228274867,Label 996
319.47081518866105,166.4050996060183,Label 997
130.1663002627406,94.18237393481775,Label 998
271.5858751064104,283.83024817335405,Label 999
216.64642722723863,217.01931635372594,Label 1000
273.6881525731083,202.1440803799596,Label 1001
210.17172172322609,212.88415038581402,Label 1002
275.3774404302717,143.3356625092444,Label 1003
417.44035243320485,234.33203200214135,Label 1004
272.8762105085326,289.9442834251521,Label 1005
204.01472514448756,327.6183401428729,Label 1006
157.74763584999351,213.986136240614,Label 1007
99.65362873449936,337.52364683234794,Label 1008
246.9938206295804,268.0936672868362,Label 1009
237.93414306758308,266.6178082793005,Label 1010
168.16356938816853,163.58624496731326,Label 1011
324.2706716235902,161.14675950403398,Label 1012
210.93644886508247,159.9577762418586,Label 1013
290.09242037143866,206.69311711269413,Label 1014
201.3496892268767,204.46615759850656,Label 1015
350.20189501383624,166.81925330647536,Label 1016
209.95045337489591,119.51671896770871,Label 1017
418.73173754051595,97.79701032149408,Label 1018
249.87513240595104,228.13457810156012,Label 1019
368.2800597906214,254.5523069505639,Label 1020
200.2874942132487,274.000374181172,Label 1021
116.28466976113606,-7.25810904670243,Label 1022
294.40373143891514,115.70374445756418,Label 1023
124.6812782616841,300.7067046486664,Label 1024
264.63018376820474,157.16142415710544,Label 1025
103.08032017424009,129.6155707653212,Label 1026
306.9194104796458,245.63612658589415,Label 1027
240.03456661448834,291.41048916416617,Label 1028
380.2529158384458,99.33434524739715,Label 1029
227.35209666091856,181.95364533130387,Label 1030
178.6759829629761,131.58899264390166,Label 1031
269.4373886909751,132.33531917917213,Label 1032
285.57931942710513,199.01480182924394,Label 1033
151.08396370762875,148.64323837579818,Label 1034
272.0678858679366,270.54062518594446,Label 1035
201.49894333392896,68.61697622083241,Label 1036
248.14620536575646,133.40399583560594,Label 1037
319.4823424616226,148.22761707732187,Label 1038
277.4991745769852,205.36438309139118,Label 1039
410.91875452056,172.17460258137487,Label 1040
365.01620783184734,298.1642470493257,Label 1041
232.94744863722605,241.60064349202545,Label 1042
256.5678551850686,171.0667178400383,Label 1043
295.4905449154204,167.41510735179162,Label 1044
293.8729307260923,267.9610767595193,Label 1045
287.2315913253224,288.25907166885105,Label 1046
168.96058684853995,293.1787657624807,Label 1047
270.11620469239506,172.23962366599656,Label 1048
229.03342908464313,309.45800273184534,Label 1049
274.3492060035045,230.02115396022728,Label 1050
186.54354863555395,290.7751104836556,Label 1051
160.44718691561465,316.24439186091433,Label 1052
201.94298562872484,170.5055636252819,Label 1053
226.08427042531684,143.57197298126925,Label 1054
337.74642002158873,85.38333226692131,Label 1055
117.40992223044543,142.58461148762674,Label 1056
275.1200546306067,216.39092924786706,Label 1057
305.59189220533983,84.9706587700573,Label 1058
247.8283576812498,-76.88582851648067,Label 1059
302.30971382259827,121.30702020242,Label 1060
237.48130832863234,180.13744373007484,Label 1061
302.32054402467713,243.3968877620297,Label 1062
396.8951988209206,232.17381807206243,Label 1063
261.0661044895975,248.31885772727077,Label 1064
313.2905697523397,-66.23628451220367,Label 1065
193.19083808860378,6.805108908545947,Label 1066
331.5475776392776,237.3092544749731,Label 1067
425.11148975673655,166.0800501795542,Label 1068
333.63797398081783,262.34849396780106,Label 1069
118.42155007237176,237.68753118466424,Label 1070
288.80956144664117,36.205539489946574,Label 1071
350.89986066739596,177.35289983261768,Label 1072
209.24879613107112,128.95227564238536,Label 1073
205.39382973768113,54.298782295488195,Label 1074
428.04821596786775,237.17085920122895,Label 1075
248.65896490234044,193.24776253803682,Label 1076
284.5084060465084,196.67353265077134,Label 1077
188.82735911095952,280.9968651213982,Label 1078
212.01216374034732,376.5002127704658,Label 1079
224.11973074205886,192.86361028291833,Label 1080
183.00665332169515,154.45813712189613,Label 1081
268.96341159193685,153.91242608852087,Label 1082
107.58074327318644,215.43481110834165,Label 1083
379.5218708224571,175.9401639827925,Label 1084
371.08655980005574,186.49426571595077,Label 1085
187.08208967877437,162.96009167607212,Label 1086
249.29403085130832,143.27298657422747,Label 1087
416.44409157540804,310.24418428321246,Label 1088
268.8099412095689,122.25012007885408,Label 1089
175.24451024003253,120.18201850969865,Label 1090
398.63636414014536,166.48238930243866,Label 1091
175.13761271511015,104.8917151743493,Label 1092
285.17425148724095,196.0153194976717,Label 1093
283.5774229871196,196.62622643164127,Label 1094
334.4409777472438,312.81884147215874,Label 1095
254.84119429163223,347.75394238389856,Label 1096
289.2449782947021,120.7942126659095,Label 1097
240.62402606872948,166.64179719376926,Label 1098
333.2879790140197,44.0450054399945,Label 1099
369.95358136110883,281.2592819708892,Label 1100
258.97393313104044,230.614322281013,Label 1101
210.18291289766069,164.9165835973788,Label 1102
289.0320613726147,158.6794605510245,Label 1103
249.80248714762163,123.09271853379765,Label 1104
194.96138003551363,19.953269432616054,Label 1105
301.776754246773,122.60184037711231,Label 1106
207.84222609848865,167.23174540919916,Label 1107
392.14335139840637,205.66760331278985,Label 1108
146.8246188581911,149.81373321767904,Label 1109
264.84986508357696,185.54243789163684,Label 1110
337.2168282396508,219.83647951074238,Label 1111
164.8665183163015,205.381614424709,Label 1112
320.6358477476659,133.33351209531654,Label 1113
264.6731953254819,217.73419445145208,Label 1114
363.6335490429568,149.954587147069,Label 1115
157.26981550705824,308.3527445044391,Label 1116
148.0621559388976,161.98751729512236,Label 1117
180.77032687631998,197.75220212363627,Label 1118
203.35310774117283,178.07521938803097,Label 1119
262.99323906474046,93.64239308992265,Label 1120
168.44486800806197,145.15858369147384,Label 1121
148.71265939385063,135.30658323844042,Label 1122
308.4058255292881,194.2782956445485,Label 1123
205.3408701698425,272.8613097715659,Label 1124
252.8138386343114,131.31470394543496,Label 1125
109.71203564405752,169.09756104430917,Label 1126
355.8865900031065,100.59120119463543,Label 1127
145.5396453021688,147.76908149329466,Label 1128
251.59740505522458,173.39397923249683,Label 1129
375.93923023885856,253.7414295212297,Label 1130
235.1860076472848,145.05540487059955,Label 1131
295.3055232808078,167.14110017341372,Label 1132
207.4583671930815,156.08444245850606,Label 1133
249.86826243014906,233.76606627094864,Label 1134
181.37151551872836,297.28691417793306,Label 1135
88.06485622464731,72.65348984933684,Label 1136
316.7121927737279,220.986121317027,Label 1137
190.38220087006647,260.58725387088214,Label 1138
343.0874057925175,307.50438477926434,Label 1139
239.64270683148965,235.52481144578223,Label 1140
297.5851296635336,265.23491007816926,Label 1141
298.44699232774764,57.876863631777184,Label 1142
300.00235804355896,242.2782257295421,Label 1143
215.96344970399915,178.07204399752752,Label 1144
197.27996503775188,163.76528242219757,Label 1145
259.7624924241893,317.9427261906206,Label 1146
177.69542693149882,120.53591329524127,Label 1147
203.46851861274612,110.8207333015898,Label 1148
297.1607261024123,260.7580759337973,Label 1149
217.71303588517696,328.6896880883666,Label 1150
192.92774664921563,8.994709531406102,Label 1151
211.32167863246093,146.40458724533082,Label 1152
254.8347181228249,354.0903213795576,Label 1153
195.22123563493264,352.6496952382173,Label 1154
193.80968522650213,244.94192115187784,Label 1155
203.9760269557329,129.89416544462426,Label 1156
363.82536511605394,139.747887375301,Label 1157
264.74380726811603,98.32008007528063,Label 1158
224.28036329377082,242.77665752053807,Label 1159
328.7756781543024,187.79381449916804,Label 1160
250.56136335777515,184.96738136437523,Label 1161
326.1247900092008,105.4686456147408,Label 1162
262.8734596217924,274.4629648862651,Label 1163
340.86006545144903,138.57676642329082,Label 1164
306.0242958175072,370.37278663532516,Label 1165
200.84005115724966,74.197279316558,Label 1166
193.33386383328377,230.81914186416464,Label 1167
139.8976174300816,275.290932969649,Label 1168
223.72419031331552,289.9921892145347,Label 1169
244.44220391356149,137.8183163608783,Label 1170
95.12591940185982,312.10643123687,Label 1171
309.21005289398164,112.9438019538389,Label 1172
82.32483015284694,72.07513563539761,Label 1173
145.226702297156,201.58912873541746,Label 1174
118.66715612022944,160.5034670346243,Label 1175
316.87247334527154,177.24763144813815,Label 1176
231.00339722794018,349.81610935774984,Label 1177
236.0244071409138,139.5038787910334,Label 1178
171.76922842011552,63.350762531962886,Label 1179
103.49299540764878,306.37881643227036,Label 1180
272.5633516219132,241.7362497281232,Label 1181
170.22653988392565,209.62825492902388,Label 1182
160.5393132185822,136.66918640234715,Label 1183
180.44522909083037,163.89711756785093,Label 1184
364.62309251166783,146.2059198518149,Label 1185
319.00208815370064,182.60887118766908,Label 1186
334.25979475072944,138.42540428058888,Label 1187
387.5876880853179,122.54174200421451,Label 1188
199.15844301469826,327.6125209602818,Label 1189
273.10083749277385,194.4014570956652,Label 1190
191.21286725956466,289.6502720521361,Label 1191
369.6901549797516,195.00436554940705,Label 1192
253.63917751888164,283.96113368152896,Label 1193
116.57191766548559,107.56311541836415,Label 1194
215.7230132143748,168.01219008851288,Label 1195
223.22600427505085,132.81365686757277,Label 1196
259.6523311926263,330.70106307075497,Label 1197
281.72030970615106,140.16907123809676,Label 1198
252.967533018168,176.11649524683946,Label 1199
291.2328051232701,130.9171205946389,Label 1200
84.02900181779813,197.83373525019113,Label 1201
278.5672266259816,203.95688519333441,Label 1202
263.1635381768966,224.1088836334142,Label 1203
335.58065434936003,259.63087096135087,Label 1204
184.56429788431174,328.4979259274389,Label 1205
160.07897070489705,135.0601130676999,Label 1206
283.1223757002232,286.0819617155498,Label 1207
362.3241938547069,146.6553888329874,Label 1208
423.2900756786267,232.869238409536,Label 1209
217.665032773777,145.3620825408549,Label 1210
137.85855196425186,105.8999037054592,Label 1211
172.76306185711817,257.93189074563617,Label 1212
214.89959195374234,199.88143561642127,Label 1213
263.5944463849958,267.643127559145,Label 1214
265.1162169797576,165.02435235033948,Label 1215
265.5563944137551,270.86702699501103,Label 1216
329.137143671712,224.24721490658288,Label 1217
251.97124053765356,106.34618436108471,Label 1218
219.18799962135245,136.594807918994,Label 1219
273.6155530431751,188.3467558658541,Label 1220
422.0474594529211,137.7082690819547,Label 1221
251.23815755678052,328.3665028016774,Label 1222
281.3051774322055,180.898418941619,Label 1223
247.76874749115984,200.43221647438392,Label 1224
389.9194335149273,144.91960456235932,Label 1225
209.73878900591663,285.4669095294727,Label 1226
217.77828982871537,271.1126020658909,Label 1227
221.18819614555258,166.2097798153526,Label 1228
205.5383342245056,273.51671018446,Label 1229
295.18896466150693,201.55835720835242,Label 1230
219.3228946188184,193.0089428097101,Label 1231
227.10937969487205,160.80341636168842,Label 1232
323.06518562061547,80.65162773663462,Label 1233
292.3396019853985,239.78226290899502,Label 1234
254.99609896879082,297.50175415353175,Label 1235
316.9188860930045,249.28853830665736,Label 1236
379.61442161935076,323.84737883346463,Label 1237
282.35546239087535,253.03117109485103,Label 1238
263.71912308184307,155.03616565656088,Label 1239
162.26961797793896,187.8042905773499,Label 1240
234.2430545402281,134.9978091704092,Label 1241
279.2555712771576,149.8875936755388,Label 1242
217.54709199081793,142.7432774364322,Label 1243
294.09065251335346,210.26828581655542,Label 1244
94.23580003737234,279.2015942380524,Label 1245
357.91360833540847,220.8478769455679,Label 1246
320.29769040693805,292.3664062636213,Label 1247
114.96433321019933,117.223499076006,Label 1248
244.2789541393414,231.79421006065297,Label 1249
266.1834537836364,249.57850681310285,Label 1250
190.07893301107418,204.79430746164033,Label 1251
186.17872253092548,88.43067999994318,Label 1252
354.2246171580929,190.09201694611258,Label 1253
182.06990301805536,231.24252083872926,Label 1254
275.0611241417239,355.25930260815784,Label 1255
355.91846585394086,206.56476194938878,Label 1256
285.20210564458534,286.5174121081968,Label 1257
244.1925149064563,229.95722594879166,Label 1258
437.65280759363475,246.68449731549242,Label 1259
279.8764091896038,190.5611121994168,Label 1260
313.1850783171815,211.57121650402757,Label 1261
328.87492135074336,257.824971009793,Label 1262
281.1353703374498,145.7525831991204,Label 1263
204.0709331374709,219.2756691992143,Label 1264
237.06066762219552,145.78853391468346,Label 1265
197.03602982368818,335.82371819342006,Label 1266
150.336677317201,184.58771536106025,Label 1267
309.2031174148657,170.788795421064,Label 1268
354.6325045784195,106.81717447773018,Label 1269
250.25305900610266,60.9361510490352,Label 1270
314.7979524721798,315.05080055487497,Label 1271
294.33834282939,272.38144422257426,Label 1272
366.87374118809714,202.49363827978874,Label 1273
246.4518548925377,234.8365729527423,Label 1274
123.38066787653295,259.80216627052266,Label 1275
207.6543591466562,176.35255452988696,Label 1276
266.408492744531,154.29014187518624,Label 1277
304.8158082378914,281.1753720047373,Label 1278
309.0224105932784,136.76823590581427,Label 1279
282.2020118253351,141.87859950931949,Label 1280
314.8739595109314,83.39700579568968,Label 1281
338.71896118894074,123.98848302024012,Label 1282
133.4354191168618,155.7419717730346,Label 1283
133.9202224669159,219.33282960008847,Label 1284
303.45117933215136,51.53795688940181,Label 1285
377.91494092255596,310.55951497389185,Label 1286
203.64451213052308,228.63546518657685,Label 1287
244.92994794896404,63.369196136332334,Label 1288
178.30866175027467,225.92279070890237,Label 1289
266.6830978360246,164.51243802376953,Label 1290
277.8940805552938,3.857719084040724,Label 1291
256.31408282926566,88.18806468883645,Label 1292
371.5214360116372,241.2147005597254,Label 1293
171.2843732986318,187.30234545459112,Label 1294
274.4025483391623,195.7949128218722,Label 1295
298.0365095191087,236.67340870533985,Label 1296
318.51787030492807,291.8411857977034,Label 1297
311.45271438838455,28.357243610761117,Label 1298
227.76455287625762,176.4281906601643,Label 1299
207.4438434163889,170.90294228023959,Label 1300
260.3291914969942,338.8257165058485,Label 1301
378.4727012819758,297.7724834528236,Label 1302
336.5183002108182,29.45256897381941,Label 1303
163.88902870575026,268.5631682858386,Label 1304
234.39190844499197,124.45278675653856,Label 1305
72.1892203480651,23.192259469137497,Label 1306
353.54618780226247,212.2857763530451,Label 1307
356.76707319600894,199.8615126266305,Label 1308
169.36878385116074,236.16851953706944,Label 1309
282.8304209067105,203.6573052332949,Label 1310
310.81852244041767,94.4970100880436,Label 1311
277.03757635447914,218.95135391654833,Label 1312
288.5821954593506,345.9068931605575,Label 1313
292.96599337598155,319.7488426887162,Label 1314
265.238613870531,203.83797568351315,Label 1315
469.44028862328724,326.17322580131247,Label 1316
286.76340686490175,199.87996433935285,Label 1317
148.74887724278128,296.18762628597875,Label 1318
351.38293451920475,188.0694934737365,Label 1319
306.7694949140739,162.65699676465312,Label 1320
289.7556752134741,286.0344058166111,Label 1321
197.29614542299672,86.89847118308909,Label 1322
237.45586716268596,87.88390581965106,Label 1323
154.21589809133346,109.88497421081442,Label 1324
106.30167172449134,52.867206372087054,Label 1325
211.8880859215953,377.90370457205904,Label 1326
229.5872959471317,165.01244574453898,Label 1327
309.4079534704817,82.96187179521284,Label 1328
275.42668531913887,163.39036388507287,Label 1329
84.5414351718193,209.2726058713282,Label 1330
160.03343153841314,117.96350768461446,Label 1331
179.49879782634298,336.0420598672408,Label 1332
224.63076681605614,208.7405575624198,Label 1333
211.5418209656625,31.08602201969748,Label 1334
249.76887895170182,265.0338392127516,Label 1335
176.373886534151,94.99498989651143,Label 1336
353.8150982845032,218.13127598994814,Label 1337
202.32550351202886,247.86095128519227,Label 1338
280.1493737534524,268.5564968215105,Label 1339
278.6775522914646,276.79350158653517,Label 1340
265.8450059988966,303.1381141907387,Label 1341
325.83097400055476,131.66634654262575,Label 1342
116.59105393581382,133.42996084163047,Label 1343
282.66089065755455,284.0645271028946,Label 1344
257.15614439476394,376.6291572335945,Label 1345
265.4675561352502,295.54626241376604,Label 1346
209.83640531292912,236.11058452898442,Label 1347
133.46231574719258,214.11901588609055,Label 1348
216.50273501645816,181.10927824888594,Label 1349
154.20029608422337,234.31167033801427,Label 1350
195.2536307406294,133.80729855665385,Label 1351
325.3051660912183,100.31318545257709,Label 1352
152.36804652381085,348.00502901545406,Label 1353
194.396778000334,139.66243553035488,Label 1354
202.9430238021282,237.57694036449632,Label 1355
200.8425645464392,143.04341809769792,Label 1356
102.9175113818516,203.60280381324964,Label 1357
321.6098827949499,187.6615507744519,Label 1358
291.5851766024048,298.4756208990498,Label 1359
321.5016902369477,290.0318397400119,Label 1360
243.38251899501796,214.65860021235972,Label 1361
204.69061344815967,206.67352147034808,Label 1362
184.9949173814728,294.05015697940365,Label 1363
116.47482684313115,257.23429601269703,Label 1364
378.7875301312965,256.17959365854557,Label 1365
152.01017239224723,313.91124553913414,Label 1366
156.86871531831264,207.80218299622564,Label 1367
279.7882958272933,236.4215601176532,Label 1368
307.76590842859287,116.62560893435207,Label 1369
350.6405271961912,227.27648527664672,Label 1370
299.9795657537376,244.1130918956859,Label 1371
186.30719036917156,153.23269451614584,Label 1372
277.0342088412216,156.78917763283852,Label 1373
288.1684367306717,145.11017853945765,Label 1374
139.02282614366163,-2.472313019957056,Label 1375
196.63117037432295,121.83441598581835,Label 1376
20.742581135465258,147.8398742345698,Label 1377
268.9653221300131,265.60839606331126,Label 1378
228.09845170045872,217.74328275623083,Label 1379
243.6452950157331,276.73394338039765,Label 1380
258.1735947327671,380.2441779566367,Label 1381
138.7565211024778,275.51147788468006,Label 1382
312.4254254404331,173.73131949893272,Label 1383
89.80630129197803,247.23447659845664,Label 1384
254.7482130100219,283.98289487152636,Label 1385
220.5650144479596,298.9159442132335,Label 1386
451.6081156942893,189.64199087947466,Label 1387
184.39989629537132,195.40050727422408,Label 1388
174.0055578885511,122.02150969335736,Label 1389
227.0892917256787,160.11553028967103,Label 1390
379.03460449712315,376.1818716348662,Label 1391
243.70902065263704,168.532030202448,Label 1392
189.25107968497218,323.3356728333174,Label 1393
259.70396075186835,234.89428292244204,Label 1394
224.6944025418301,231.82178748751429,Label 1395
388.9321092089069,203.99435940728196,Label 1396
260.117896726956,155.0922750443302,Label 1397
407.4891000925464,24.997702995053572,Label 1398
285.6122252858253,194.28952350647467,Label 1399
324.3615452666071,173.29763977931842,Label 1400
196.81661522093165,222.3673364198974,Label 1401
361.1074676144343,189.82156706504196,Label 1402
31.59241210400114,258.97536869309556,Label 1403
208.72887035546307,234.36363801605842,Label 1404
63.407832626920055,239.95241968978186,Label 1405
215.79073337970087,230.4576414849683,Label 1406
256.30328230030364,271.8691501834457,Label 1407
216.30945927310597,268.6748572736498,Label 1408
357.605253492208,319.1971378500736,Label 1409
197.03459126652277,367.16011319848525,Label 1410
222.5798083167889,235.26739269336363,Label 1411
260.8027449712945,195.58241415074122,Label 1412
251.12916821862416,72.82885733832241,Label 1413
183.06233761053,174.35098183187492,Label 1414
198.90732997047365,211.5560283739998,Label 1415
473.1288568191181,94.6496193888687,Label 1416
89.3352874001767,195.69135674028755,Label 1417
206.67822735778762,259.52175995643455,Label 1418
379.4112585010662,257.6117874841932,Label 1419
267.41118592931514,256.75503827651255,Label 1420
241.89316979329087,274.4908084996741,Label 1421
24.81467659392868,156.77138739087022,Label 1422
180.8766142661686,226.46860491242197,Label 1423
270.0617803712866,245.99507996788478,Label 1424
164.0809858984142,249.40457978642092,Label 1425
154.65130426050044,203.78162395376467,Label 1426
274.28283092831845,83.51061412554064,Label 1427
274.58650751215174,286.8744561733135,Label 1428
100.36139709610646,310.68014163070535,Label 1429
301.6332509788885,272.7849275424577,Label 1430
255.45461205200874,198.31237665391288,Label 1431
191.52366259276317,252.0771036342805,Label 1432
236.54301992515047,331.5796169955371,Label 1433
282.89160775540324,405.2266405943947,Label 1434
176.72661081596007,143.57753411101893,Label 1435
337.7389767586858,176.9674145131956,Label 1436
286.2809496018475,226.23400702859186,Label 1437
273.1846501894225,225.09405035964576,Label 1438
186.47338716890349,179.0094939247334,Label 1439
266.86472219926236,201.00121621877685,Label 1440
92.5671089928469,121.19059572291381,Label 1441
93.05075688020688,141.54978935028697,Label 1442
96.41260314762499,170.49774737487118,Label 1443
214.8158084951917,396.33820139398915,Label 1444
237.8017590550402,256.579375163583,Label 1445
346.2755677062141,145.9273603260612,Label 1446
198.17716108155486,156.80602047262386,Label 1447
272.57887522515887,259.2199366019868,Label 1448
304.9962808747312,140.7625972323727,Label 1449
279.28783890358994,162.42823938746756,Label 1450
272.00610482037496,66.24774372045192,Label 1451
212.7396828947279,109.96278156685611,Label 1452
271.91329903813056,292.7811203001264,Label 1453
165.3070077590306,91.41047500664598,Label 1454
176.47245758768187,124.40009741540423,Label 1455
252.59671146784257,256.5436309690784,Label 1456
212.90511714944216,230.88866033575593,Label 1457
316.7199026914218,193.50319124972535,Label 1458
104.95296551062947,111.686057710459,Label 1459
313.6746436507883,147.64705155200016,Label 1460
368.35489850928224,147.9946815871201,Label 1461
167.54491774402322,294.14059110012636,Label 1462
86.94392959283255,193.07887599913775,Label 1463
185.1016951069314,172.93398110506448,Label 1464
154.9943368716533,234.39491369172708,Label 1465
384.6673414526359,206.16923083031975,Label 1466
269.6180654543363,114.50405380350226,Label 1467
251.97929877999363,286.38153824147616,Label 1468
232.45621816350396,216.58901769443577,Label 1469
369.50095225665865,244.62088313642354,Label 1470
246.9610151119768,66.75752308577563,Label 1471
72.96034689893847,159.64842953836282,Label 1472
202.32001891553008,244.95575941449928,Label 1473
296.9550118974103,231.24050746459562,Label 1474
135.56973731165914,326.3513875437757,Label 1475
190.47846995868363,278.44557001040073,Label 1476
208.98398906072418,308.72521015502366,Label 1477
94.64030960014716,247.63470541605764,Label 1478
171.95951761711632,309.10952264180855,Label 1479
322.2603441408358,32.57695783936978,Label 1480
242.05966861929846,113.46450771361762,Label 1481
302.7112777297182,112.22421209689404,Label 1482
214.91611049843164,163.35935294609732,Label 1483
321.7805017417915,295.83531654716,Label 1484
242.14243587084763,124.03992439789904,Label 1485
164.32525985672783,352.72582382390414,Label 1486
275.15872572162084,153.45535391835227,Label 1487
239.4458970281214,306.8255328283755,Label 1488
382.8758131805379,131.16619017422425,Label 1489
328.0072181076134,225.81045477867826,Label 1490
256.6304832147638,303.248026974718,Label 1491
139.8613021320575,361.7287318251297,Label 1492
148.1253226006285,266.95054595818647,Label 1493
193.99210905331958,279.5400441342232,Label 1494
188.7973130181222,72.13270221948395,Label 1495
339.366859514595,169.9404325511775,Label 1496
243.64338410482006,248.8782265641207,Label 1497
206.1631435038409,133.70579344795433,Label 1498
226.16545846956123,169.21622186171558,Label 1499
200.3525078109753,219.72314249680446,Label 1500
168.3183511821472,114.1224014591995,Label 1501
172.7107950593256,157.22934638282183,Label 1502
199.09025733088916,225.91923703324568,Label 1503
140.0895211725646,255.97634424385458,Label 1504
277.06285336375487,231.6011148103515,Label 1505
307.6146560843894,198.54953875789934,Label 1506
213.093837692967,137.73287296544743,Label 1507
437.2715221407246,235.9619550388278,Label 1508
264.75856039278614,260.10842277996966,Label 1509
85.45587042753235,165.5012045320666,Label 1510
234.64381364927237,203.89985345736997,Label 1511
221.38594962599586,284.077656716776,Label 1512
157.62909956738264,240.9108115064592,Label 1513
224.5430875739178,138.43326389901176,Label 1514
86.16751157153047,288.42667538111976,Label 1515
211.39685474459563,227.91440351629456,Label 1516
232.19544980343383,89.67445004789704,Label 1517
182.50944391631344,167.14954115132258,Label 1518
165.53272789333232,144.3674246849552,Label 1519
317.17763917476157,38.600853802211844,Label 1520
234.76271065022132,164.03766695832343,Label 1521
316.9572410018194,169.13617289270542,Label 1522
277.116192799906,306.83928990977216,Label 1523
180.88409242165883,149.0461877042087,Label 1524
178.8893228031552,206.80307719617252,Label 1525
249.79027458747356,33.71355911660072,Label 1526
157.71653482090375,274.409174059332,Label 1527
310.5627912573997,282.6075161108398,Label 1528
211.69218037901376,136.16322609921275,Label 1529
158.38734999820346,203.52385239116032,Label 1530
336.09564728404416,208.83020352840916,Label 1531
389.1905804161139,373.7864434874977,Label 1532
270.99408768912275,126.58677853754702,Label 1533
153.92683922724842,218.0619936326134,Label 1534
270.7632472981187,246.7457890096174,Label 1535
194.87921780388922,324.0418135838371,Label 1536
128.65801668281748,103.23468545131372,Label 1537
320.13166216526974,242.09595280416937,Label 1538
177.9239368205983,138.1333156727518,Label 1539
86.00520046019295,165.63663801178407,Label 1540
212.05519403465343,299.2925985835083,Label 1541
258.7698224840762,185.65197073071002,Label 1542
274.64376991628393,107.27872252486517,Label 1543
271.0776472768792,129.9918433842886,Label 1544
142.33538192379126,247.98897667759476,Label 1545
282.9313425158834,269.02327368482804,Label 1546
299.1499490022672,270.67249451001084,Label 1547
159.1989555136479,312.63286668426355,Label 1548
279.47196216746767,191.10151700258504,Label 1549
120.04543518426709,119.6835076962251,Label 1550
296.97823063190526,157.1481171241673,Label 1551
181.2019360052917,28.806694001091813,Label 1552
262.59111957526903,224.025048371376,Label 1553
159.38720713947293,156.79796000721865,Label 1554
184.53976048147211,206.8495720892226,Label 1555
184.33571565991815,242.86162591125904,Label 1556
249.2487437490677,88.94301466492365,Label 1557
249.95000353422157,347.20477223544395,Label 1558
273.4645951790092,120.53541086905733,Label 1559
298.1593814169526,169.71321988632803,Label 1560
244.84999062192537,166.6446513892258,Label 1561
349.74322397086803,146.2229836988501,Label 1562
220.05369059003885,112.60049612320077,Label 1563
216.46329277723052,264.9267023953679,Label 1564
143.7166863861812,256.25735703647405,Label 1565
269.43490492428873,359.30763875230855,Label 1566
386.2391270307626,275.209551977964,Label 1567
238.23249838510733,27.24189103296996,Label 1568
208.7426971210635,115.97050485947574,Label 1569
202.45531493140956,203.27939317387242,Label 1570
258.7485074031587,180.831836669854,Label 1571
232.445480837358,231.64707243621763,Label 1572
249.1622255741444,226.63720909463885,Label 1573
381.98075656742105,210.2471915673912,Label 1574
237.6132727474941,125.1322499242376,Label 1575
215.08800406896273,196.1199295167053,Label 1576
332.9369666779795,326.48097015373895,Label 1577
276.1428875068513,110.01612741744883,Label 1578
210.97165466706383,140.81474606764186,Label 1579
286.06033927496134,311.7913562716701,Label 1580
170.7137635491248,176.11569362585863,Label 1581
230.98544217122418,217.49487711108696,Label 1582
118.78094408168275,213.3635818286682,Label 1583
230.09539978841215,140.53306077029416,Label 1584
215.4314853305899,274.50282641312526,Label 1585
236.64152560694143,214.78317667633368,Label 1586
338.16916629828313,82.20045688421541,Label 1587
311.5413448531839,225.17705371468912,Label 1588
242.24889896573882,189.31018625823663,Label 1589
267.47680115669175,134.38376086914906,Label 1590
187.574839344276,370.5787121785707,Label 1591
387.4727046364858,206.87694851573963,Label 1592
286.59904773449784,307.9002888709565,Label 1593
141.05026192005755,150.45071472533084,Label 1594
331.08802483167534,199.02325269334952,Label 1595
275.1567183385645,192.77084957889042,Label 1596
313.510984624606,97.35902648744147,Label 1597
394.18272587312197,174.99337318353636,Label 1598
304.07454802640984,266.8625634342304,Label 1599
200.5628428758022,307.3680671572875,Label 1600
292.1591767115911,139.19234553784406,Label 1601
180.63914932504503,226.76002002761953,Label 1602
294.1510684140011,123.99815518126775,Label 1603
101.72603310760286,124.11936984575554,Label 1604
108.07780678705817,128.09756383508594,Label 1605
160.11952065004954,188.71096601199278,Label 1606
167.02328881285638,283.4029831438216,Label 1607
310.79379059040286,177.47122806855418,Label 1608
232.40253091839134,221.34112207202512,Label 1609
214.067271000499,259.4138604920922,Label 1610
327.20897906719705,128.99580159247378,Label 1611
253.96586733449118,168.23026264602086,Label 1612
248.76500063099533,12.862122187611646,Label 1613
218.27102157527142,290.5000574666657,Label 1614
354.10528462702064,0.1989293570806865,Label 1615
365.9911123942387,104.24724258012775,Label 1616
247.38847809048607,228.5094059290272,Label 1617
347.508509577038,212.7159476461368,Label 1618
171.7693229504319,145.83198604799955,Label 1619
369.19615469975673,226.11870912025418,Label 1620
29.622122267736188,200.76923437098236,Label 1621
240.20912545102243,22.91384746576793,Label 1622
353.9604620814593,233.1159683974008,Label 1623
286.32773601351835,108.72643749388557,Label 1624
345.4853476712091,216.02907018822978,Label 1625
227.26859108691153,96.21102175058604,Label 1626
179.8993810531838,322.06149644113873,Label 1627
309.6198009844069,226.50197593310008,Label 1628
47.00370180424298,113.85036424419926,Label 1629
295.58583165497515,120.3663620992222,Label 1630
166.57314256373223,212.33402424431935,Label 1631
193.02171505060542,132.84635041499104,Label 1632
403.10444917913196,218.05647812263157,Label 1633
319.548925754012,141.1000985633048,Label 1634
355.0987742031748,198.33903890900265,Label 1635
390.81365046674614,133.85027389198012,Label 1636
268.82463273333957,98.009096029495,Label 1637
265.39628785991636,213.01387505263602,Label 1638
277.21103030063534,150.0004805105529,Label 1639
170.7604936139416,197.91664768397004,Label 1640
354.9896895860871,265.323268107532,Label 1641
216.51777306959497,149.3018627798292,Label 1642
261.2908614143883,121.672850441831,Label 1643
153.41061641986454,203.98793531857868,Label 1644
314.8184647197257,272.0901787278292,Label 1645
287.35365566566213,323.01779313114366,Label 1646
284.4115364650738,136.1960778037819,Label 1647
169.9102932984175,76.57060706747347,Label 1648
248.15562536809418,227.79850214241122,Label 1649
255.6038818220772,158.97155445209233,Label 1650
175.1145340541151,192.0773266975204,Label 1651
276.4398776410005,200.30289667348194,Label 1652
243.6211915213394,117.01870212033451,Label 1653
271.4743041827,162.9544123391996,Label 1654
277.74425331590203,133.76828766899365,Label 1655
186.56168461899452,95.8231886986911,Label 1656
260.0856977031804,194.08409200026156,Label 1657
276.9556837966302,262.94965042966965,Label 1658
412.7591655577149,5.133856126723202,Label 1659
345.96843123582426,268.5541726481408,Label 1660
316.2068380437473,80.6633644181922,Label 1661
318.41195326038144,187.1538557373,Label 1662
187.6693786486151,232.93052149163265,Label 1663
295.71295546432253,185.1843180145163,Label 1664
330.2088859322486,237.17960604191293,Label 1665
263.0268959795438,168.25408273627875,Label 1666
266.2136908285921,370.65280242666057,Label 1667
307.6611335614631,197.92735674217172,Label 1668
235.11495118429258,305.66301762150357,Label 1669
252.93676650194513,269.1857049839541,Label 1670
324.6065008141032,91.6811740820761,Label 1671
283.41184975880276,93.59745905720557,Label 1672
319.8984914175594,199.8115019269865,Label 1673
239.87074409853025,163.2688941681247,Label 1674
160.00454818109154,171.0728910951932,Label 1675
331.8174973696949,170.26535771764586,Label 1676
203.2162985160164,175.87589681336257,Label 1677
247.47287666640275,43.63997210091949,Label 1678
185.6704512693017,322.0455624511757,Label 1679
197.1919540938714,37.900157469999954,Label 1680
289.5295153723878,52.98681945423232,Label 1681
319.31373625628373,85.98535416489213,Label 1682
132.8024231645289,208.91723240373145,Label 1683
49.32369430400766,87.96967914126668,Label 1684
120.08080258218942,176.8114449842424,Label 1685
295.4802867675282,269.34282331250455,Label 1686
231.64811387811233,170.41798948027116,Label 1687
246.2830369956462,215.85049873220186,Label 1688
108.40716628778634,105.25159443677327,Label 1689
347.0035496854042,283.1909123860009,Label 1690
255.89404536255813,225.00485193310487,Label 1691
168.80590585416627,203.17738066116607,Label 1692
224.2145712857038,132.44642522480984,Label 1693
226.96263102686441,262.3230032560444,Label 1694
172.32033097516813,250.76743041821803,Label 1695
313.86540952465845,285.83690572236117,Label 1696
134.4881133413316,179.69545406806608,Label 1697
195.82231459609216,240.78259533442963,Label 1698
199.965118013206,241.1108408691091,Label 1699
284.963262436909,152.042064231742,Label 1700
294.25287980026104,221.70946347653944,Label 1701
280.0376487304062,288.7503465387074,Label 1702
372.72276681115864,229.8842708768409,Label 1703
204.31802745872844,225.2306329386149,Label 1704
288.67195582300945,218.9292830336238,Label 1705
289.29920265357737,201.81641105733198,Label 1706
325.3553690117539,265.52346284250814,Label 1707
343.88334417983714,312.17488986378555,Label 1708
239.82629835060055,163.14728351261763,Label 1709
282.0121915714122,246.52573242133957,Label 1710
190.45142644955573,-0.6347709502732357,Label 1711
254.46877939284636,245.46465078259024,Label 1712
223.75248900840094,343.6341412501057,Label 1713
258.07120313794445,244.88865289334652,Label 1714
149.58599390170463,229.8768675007148,Label 1715
313.94351576112626,282.3345930830392,Label 1716
297.01736254859446,139.90715647755445,Label 1717
346.9687008077424,45.389742210066174,Label 1718
246.8524606379426,259.7513987771604,Label 1719
348.78840101467165,154.11868870238254,Label 1720
296.632892573168,147.43766676085383,Label 1721
202.3846258041481,122.12168774867776,Label 1722
347.0321460155189,201.87112744447387,Label 1723
140.63203380152618,81.43444527664333,Label 1724
148.71540371430984,128.45933200258662,Label 1725
224.88824402314668,211.90475033896283,Label 1726
230.73358448887507,221.24227594207235,Label 1727
183.7148036834364,272.02741840418776,Label 1728
223.1781287639469,168.298535471709,Label 1729
232.20062216112055,152.99375401349994,Label 1730
364.30307298822004,218.55167188072565,Label 1731
274.13534697123123,263.4046158836214,Label 1732
122.72495983938902,322.82649488265673,Label 1733
367.9108620347234,231.62816690320014,Label 1734
338.7785463878774,168.33036483036034,Label 1735
349.4241144588118,80.8734756168002,Label 1736
294.0311744617965,100.64376643982533,Label 1737
117.60662309348407,239.17588619320267,Label 1738
226.25585629337218,204.279794008305,Label 1739
276.58707220199375,216.7491013397829,Label 1740
370.34115364759043,124.3800475003303,Label 1741
269.3491182833223,199.17610162294284,Label 1742
137.8092810894189,160.88185266893515,Label 1743
386.3929523277868,202.55129768828422,Label 1744
340.86021763859384,285.8114295956385,Label 1745
90.60633543148498,72.40932822929791,Label 1746
266.5595546584665,146.15611484532695,Label 1747
204.44042547010156,303.7309982341623,Label 1748
187.42769742660997,71.8956794051916,Label 1749
136.49737701366234,315.7834466394184,Label 1750
203.7063708481885,161.7109907592656,Label 1751
301.68715842710196,77.31891575745168,Label 1752
200.50567478777057,251.91581601812038,Label 1753
138.88541804652925,102.23270453478814,Label 1754
288.2825978876993,133.9049544529725,Label 1755
225.14733024040888,269.5667085595943,Label 1756
194.74553174713876,16.431474003170848,Label 1757
183.96730850282637,157.485798456307,Label 1758
101.13292538884826,149.41872236311713,Label 1759
219.47973695464898,235.02070515575713,Label 1760
221.74994032956477,107.48308863929029,Label 1761
303.55627048487105,261.51308195754154,Label 1762
133.24302211404517,226.14279236249573,Label 1763
224.25167003262322,226.2125762746136,Label 1764
215.74179531447464,236.98395845514773,Label 1765
286.9923063983824,92.88716984904569,Label 1766
333.5921702854763,278.8424297902329,Label 1767
308.95703512706297,331.491054769445,Label 1768
208.59166095840737,92.99579459555889,Label 1769
208.54869030171085,144.84113653146744,Label 1770
244.54607706486433,93.04223548993622,Label 1771
286.88705461820285,216.82417224957612,Label 1772
242.61660423028943,203.34301101635154,Label 1773
108.5210993175115,245.64049824604612,Label 1774
357.46193474292727,83.26152042847023,Label 1775
360.71673648968044,220.03819849312742,Label 1776
280.5132838156737,311.29337421524843,Label 1777
226.31225745473276,228.9641230754809,Label 1778
263.07096326736047,241.48094810302499,Label 1779
331.1577266316309,111.88483852996438,Label 1780
301.5478493593546,216.2852231537272,Label 1781
217.65821856716312,249.7982691519347,Label 1782
351.9680425263417,253.5756506115251,Label 1783
347.32950189253734,94.18029170384993,Label 1784
264.9718542010435,126.50668142694977,Label 1785
245.46587509199998,187.5430614922198,Label 1786
217.7903612073841,298.94248767814736,Label 1787
299.7492586990325,129.1476281090047,Label 1788
261.68034119218925,410.2165430395295,Label 1789
282.80158043254494,248.93477037621338,Label 1790
213.75304847504094,327.04893325872,Label 1791
197.38859240552824,161.18446770507086,Label 1792
410.78861109465396,220.5069700851725,Label 1793
303.50437750680186,284.94769344504743,Label 1794
288.1382240914661,54.63931471291451,Label 1795
169.32569081293371,148.06510670352742,Label 1796
188.87728627642844,284.946032296938,Label 1797
204.65324651610666,277.8388011728115,Label 1798
248.38830108825363,105.63517970446357,Label 1799
443.56234596909337,234.7200160124044,Label 1800
279.11364245617983,296.83612552251066,Label 1801
336.2234706861968,126.93419419687456,Label 1802
123.97617056195791,274.04259475884817,Label 1803
264.12227987766687,218.82318817451167,Label 1804
224.86531567261179,226.12488050547466,Label 1805
438.7113347704883,130.69411961129364,Label 1806
230.490497680151,168.61641905463932,Label 1807
168.4056425312787,278.57609785925126,Label 1808
239.65616431637977,132.28629733511053,Label 1809
267.7396397693384,213.1324118695944,Label 1810
171.63597281671292,187.55808120798773,Label 1811
314.87617844498425,76.73955870287959,Label 1812
283.3144252711746,97.67124500109723,Label 1813
278.63841256107537,266.7897984211511,Label 1814
339.5748341782966,255.84678498572725,Label 1815
263.4330275773323,72.64200760142046,Label 1816
339.7130655521952,286.22319330944464,Label 1817
282.027593752098,168.61095650479578,Label 1818
183.4907023074679,236.01134553451323,Label 1819
247.5211568874379,186.9998534169292,Label 1820
203.22503684050403,202.63078859985302,Label 1821
291.7500104714152,84.65538060278556,Label 1822
240.05370057797882,166.80408769787874,Label 1823
68.36225249510031,332.09801469199977,Label 1824
385.1192514245258,216.3726913958944,Label 1825
189.54447455144543,148.93945602391514,Label 1826
236.7095513554687,123.64510491237779,Label 1827
248.54004550839701,185.59801705679564,Label 1828
252.97804458416107,288.57449212330926,Label 1829
82.81576588011154,204.6945821818609,Label 1830
205.83862780441035,147.48875387825106,Label 1831
242.99477933357542,188.6583606929869,Label 1832
268.0307887974885,152.866083843271,Label 1833
157.18708846931378,197.48712681172546,Label 1834
207.19903428672427,211.7608897591696,Label 1835
157.47144998836166,227.46157974219062,Label 1836
257.8919066037639,254.3241463927854,Label 1837
157.82899255065297,170.5799015997343,Label 1838
148.92343333680304,203.7669237392528,Label 1839
170.15768864330505,139.59987475553456,Label 1840
263.44425702656304,337.3197555901635,Label 1841
382.45166464695615,233.24123270188312,Label 1842
184.53788917185008,280.934147432242,Label 1843
326.1365026859279,200.44848470500528,Label 1844
297.6684104970737,197.0866190947504,Label 1845
218.48313477986505,95.95687059091276,Label 1846
202.16350172916842,209.43195529228547,Label 1847
226.39289018504434,226.1721916190599,Label 1848
217.6639548260465,129.83367449279712,Label 1849
429.72386428239065,112.54715601128491,Label 1850
338.14413948758295,158.01772430221513,Label 1851
200.88797971690732,58.87530383524239,Label 1852
392.0336871416784,354.67360178772213,Label 1853
201.2619352272828,159.561025313767,Label 1854
186.07324960517798,242.91240723072448,Label 1855
322.6058323378586,82.20746405123134,Label 1856
182.51142287784185,258.7601653815378,Label 1857
225.22696856270983,288.27506604514076,Label 1858
272.9317457062146,156.34936473284674,Label 1859
193.781725436146,343.86546662215255,Label 1860
326.2695405114072,101.09100400718181,Label 1861
288.86894008023376,159.64056793486242,Label 1862
232.57046208229391,108.98890343596148,Label 1863
130.52981686860025,225.71368576145582,Label 1864
367.54844636653615,71.47163581678944,Label 1865
196.90435731662444,219.7419260525644,Label 1866
203.17091156306554,255.81209121730643,Label 1867
242.74512662294097,154.61497167840685,Label 1868
110.7895404910021,165.11261583525,Label 1869
353.25198498651986,283.3157774316327,Label 1870
338.92669489086353,237.56381614133036,Label 1871
241.58036314933943,163.39554952633117,Label 1872
270.30136243083217,94.36652880932665,Label 1873
320.55286666156223,327.4573186968232,Label 1874
270.54346264113246,198.9929711078818,Label 1875
238.42486443319314,169.28929089587558,Label 1876
208.43933195832665,358.4305671582347,Label 1877
147.36182412953792,100.39196471172008,Label 1878
395.5706817963922,80.76503729409689,Label 1879
394.4891922979242,279.02452089997166,Label 1880
176.39949969507023,251.3403380179813,Label 1881
284.0038265901175,224.39397474154487,Label 1882
167.6485681482986,139.06541777109967,Label 1883
364.45228073437454,165.3701827530352,Label 1884
316.71660991997044,208.01364980678824,Label 1885
205.27469303159882,217.91727925174644,Label 1886
233.69646107281983,157.86949479607756,Label 1887
188.9468064237789,-25.8456252891402,Label 1888
244.86262982932496,75.91247383508718,Label 1889
159.8933830916568,252.8990568379569,Label 1890
217.32601871409346,83.12525783253261,Label 1891
224.08077345208812,227.35781910821208,Label 1892
225.21461499105197,174.08680299586422,Label 1893
260.0313757798476,224.7489380149034,Label 1894
209.23695526575327,333.58799468893017,Label 1895
305.861901606378,131.08198627336003,Label 1896
335.6338380098887,259.6731986176965,Label 1897
230.64668523272732,132.31249023649463,Label 1898
352.12741340485064,198.65327207228313,Label 1899
340.30307845163156,309.79870951483485,Label 1900
278.71317545060384,156.81182175813126,Label 1901
243.5949710034634,175.69892627576908,Label 1902
266.50722753688314,265.9019489583143,Label 1903
290.44638885200845,99.85893812570794,Label 1904
211.3985245233515,262.5309770444803,Label 1905
343.19773282082133,226.0795490980036,Label 1906
264.9720136163085,319.98988015355,Label 1907
275.79980074337413,211.0633220652428,Label 1908
334.0153770148204,260.647179405939,Label 1909
412.39171984865834,233.88542828477924,Label 1910
79.88509826984884,190.97576613309334,Label 1911
296.395502188722,209.26984992755604,Label 1912
140.77443012670005,62.09097385482863,Label 1913
225.34925298869254,103.89021511422902,Label 1914
269.9493664933891,163.15123667616587,Label 1915
152.1915512085734,147.91637314983043,Label 1916
347.6541996635535,107.63249576449343,Label 1917
280.64024867117047,253.4431620366469,Label 1918
95.21392891454428,283.0532932235071,Label 1919
393.23728697601274,288.18365745292056,Label 1920
244.73856947263153,238.5321500003929,Label 1921
99.94783190005143,105.35885844018303,Label 1922
308.2721122729263,240.04862898353048,Label 1923
365.26720383875926,243.3249883822345,Label 1924
194.58959900563207,209.28907178454966,Label 1925
268.9993420841786,303.80119064446893,Label 1926
295.6913627468215,207.28257772042386,Label 1927
250.89795430932801,226.77503386722415,Label 1928
223.91296396253324,333.8060256150535,Label 1929
278.2583130248257,317.27611722970823,Label 1930
338.7118883777697,275.88231292939287,Label 1931
285.1159417537861,142.19883347260202,Label 1932
216.4883068213329,80.92996108836164,Label 1933
168.30367791251297,23.53181853132716,Label 1934
310.2527473898402,235.39109832893544,Label 1935
416.75907262676276,143.6321290676091,Label 1936
212.84222205124303,169.05602177911126,Label 1937
373.43574189816627,47.240494639854006,Label 1938
135.61740891487884,165.126236048024,Label 1939
336.9840086840226,187.9711354473186,Label 1940
167.17376738383035,54.85278024598023,Label 1941
318.3006842167318,166.27812339606567,Label 1942
209.70753133491976,229.00135169629763,Label 1943
269.97386394971954,223.47372175494613,Label 1944
306.98064439622505,117.0451740162814,Label 1945
182.0126872207016,215.09561181751081,Label 1946
254.38987253622324,93.32284870025553,Label 1947
268.74563510386054,206.29636756619695,Label 1948
221.72298773616177,197.64694976364618,Label 1949
214.62760294800324,219.2046114936516,Label 1950
138.70372422696676,245.7649444824719,Label 1951
208.03068817126263,182.83777467033636,Label 1952
183.38297235029665,233.15584260839856,Label 1953
192.51408213289204,297.09067579078203,Label 1954
294.67970973632646,288.4234330860379,Label 1955
217.6135088831624,189.38805624454213,Label 1956
174.98574653280457,289.79484688248334,Label 1957
332.4364720848355,260.8363900302636,Label 1958
267.7651251485374,208.74381004321003,Label 1959
181.23423271714685,192.9633055056479,Label 1960
161.01761493066647,348.9517896085638,Label 1961
214.812710798438,217.02288319818817,Label 1962
332.3146019843404,245.56871155839838,Label 1963
221.9412287381893,221.5750489934629,Label 1964
206.43803436076143,149.48271619677834,Label 1965
240.37065537172748,270.00764783404134,Label 1966
237.01318175453238,335.2272005204527,Label 1967
301.33188259455807,379.8668371322781,Label 1968
333.2541553257062,224.4186594485675,Label 1969
259.1382912754607,132.3476492027585,Label 1970
194.62736524065747,229.08700392637127,Label 1971
296.6496041249673,211.14007053964838,Label 1972
241.2502432667392,191.05098051138341,Label 1973
249.25511743642824,172.8748963556218,Label 1974
98.69982568989326,157.1894941714963,Label 1975
171.7544123042164,165.2231376588726,Label 1976
318.41655306356864,319.87298986162483,Label 1977
210.5588576364645,88.53444258604955,Label 1978
130.66254491486256,105.28814124328177,Label 1979
188.16404812722217,161.49466461323675,Label 1980
242.48791784926266,167.22629891706677,Label 1981
113.69006673068841,244.795235388317,Label 1982
103.9562786340721,237.7182876351578,Label 1983
316.9262363030034,213.43109317272402,Label 1984
346.6750514813986,190.69128622148858,Label 1985
327.7978814268612,154.01619829418848,Label 1986
359.0828823653036,155.8136685123226,Label 1987
394.34807789052144,266.34535171872216,Label 1988
330.47371137138236,139.11735363265893,Label 1989
267.2881184594987,256.7502206241808,Label 1990
402.637436193904,148.82380564022506,Label 1991
369.7818162590184,252.55098283265067,Label 1992
267.44345888734966,290.0863395278786,Label 1993
185.63385633183088,118.50655922757973,Label 1994
308.67506553838444,240.69838118207213,Label 1995
292.56022490481195,265.11900007922725,Label 1996
288.5527484500204,265.69784067343403,Label 1997
270.9830383862519,140.17068538010855,Label 1998
365.6929508809218,182.35493184934668,Label 1999
