<?xml version="1.0" encoding="UTF-8" standalone="no"?>
<folder dummy="true" handle="" name="ROOT" path="IBFS:">
    <folder dummy="true" handle="" name="WEB" path="IBFS:/WEB">
        <folder dummy="false" handle="" name="wf_extensions" path="IBFS:/WEB/wf_extensions">
            <item dummy="false" handle="" name="pf_real_time_data.fex" path="IBFS:/WEB/wf_extensions/pf_real_time_data.fex"/>
            <item dummy="false" handle="" name="real_time_data.foc" path="IBFS:/WEB/wf_extensions/real_time_data.foc"/>
            <item dummy="false" handle="" name="real_time_data.mas" path="IBFS:/WEB/wf_extensions/real_time_data.mas"/>
        </folder>
    </folder>
    <folder dummy="true" handle="" name="WFC" path="IBFS:/WFC">
        <folder dummy="true" handle="" name="Repository" path="IBFS:/WFC/Repository">
            <folder dummy="true" handle="" name="wf_extensions" path="IBFS:/WFC/Repository/wf_extensions">
                <folder dummy="true" handle="" name="real_time" path="IBFS:/WFC/Repository/wf_extensions/real_time">
                    <folder dummy="false" handle="" name="page_real_time" path="IBFS:/WFC/Repository/wf_extensions/real_time/page_real_time">
                        <item dummy="false" handle="" name="custom.css" path="IBFS:/WFC/Repository/wf_extensions/real_time/page_real_time/custom.css"/>
                        <item dummy="false" handle="" name="custom.js" path="IBFS:/WFC/Repository/wf_extensions/real_time/page_real_time/custom.js"/>
                        <item dummy="false" handle="" name="page.man" path="IBFS:/WFC/Repository/wf_extensions/real_time/page_real_time/page.man"/>
                        <item dummy="false" handle="" name="page.prop" path="IBFS:/WFC/Repository/wf_extensions/real_time/page_real_time/page.prop"/>
                    </folder>
                    <item dummy="false" handle="" name="real_time_ajax.fex" path="IBFS:/WFC/Repository/wf_extensions/real_time/real_time_ajax.fex"/>
                    <item dummy="false" handle="" name="real_time_chart.fex" path="IBFS:/WFC/Repository/wf_extensions/real_time/real_time_chart.fex"/>
                </folder>
            </folder>
        </folder>
    </folder>
</folder>
