<?xml version="1.0" encoding="UTF-8" standalone="no"?><rootObject class="com.ibi.ibfs.impex.IBFSImpExObject" dummy="true" exportBranchLabel="Build= &quot;Label:branch8207.00 Gen_Number:8 Release:8.2.07.00 Gen_Date:mié nov 06 19:08:45 CET 2019&quot; java.runtime.version= 1.8.0_231-b11 AvailableProcessors= 8" exportDate="2020-04-15 11.54.11" exportSourceLevel="8200A" fromSecurity="false"><resource _jt="IBFSObject" container="true" description="ROOT" dummy="false" fullPath="IBFS:" length="0" name="ROOT" type="unknownType"/><children class="java.util.TreeMap"><entry><key _jt="string" value="WEB"/><value class="com.ibi.ibfs.impex.IBFSImpExObject" dummy="true" fromSecurity="false" localFSName="WEB"><resource _jt="IBFSObject" container="true" description="WEB" dummy="false" fullPath="IBFS:/WEB" length="0" name="WEB" type="unknownType"/><children class="java.util.TreeMap"><entry><key _jt="string" value="wf_extensions"/><value class="com.ibi.ibfs.impex.IBFSImpExObject" dummy="false" fromSecurity="false" localFSName="wf_extensions"><resource _jt="IBFSWebFolder" allResources="true" container="true" description="wf_extensions" dummy="false" fullPath="IBFS:/WEB/wf_extensions" lastModified="1585840304144" length="0" name="wf_extensions" type="WEBFolder"/><children class="java.util.TreeMap"><entry><key _jt="string" value="pf_real_time_data.fex"/><value class="com.ibi.ibfs.impex.IBFSImpExObject" dummy="false" fromSecurity="false" localFSName="pf_real_time_data.fex"><resource _jt="IBFSWebFile" binary="false" description="pf_real_time_data.fex" dummy="false" fullPath="IBFS:/WEB/wf_extensions/pf_real_time_data.fex" lastModified="1586160582358" length="1416" name="pf_real_time_data.fex" parent="wf_extensions" type="WEBFile" typeDescription="Procedure"/><children class="java.util.TreeMap"/></value></entry><entry><key _jt="string" value="real_time_data.foc"/><value class="com.ibi.ibfs.impex.IBFSImpExObject" dummy="false" fromSecurity="false" localFSName="real_time_data.foc"><resource _jt="IBFSWebFile" description="real_time_data.foc" dummy="false" fullPath="IBFS:/WEB/wf_extensions/real_time_data.foc" lastModified="1586944440582" length="1961984" name="real_time_data.foc" parent="wf_extensions" type="WEBFile" typeDescription="Focus Database"/><children class="java.util.TreeMap"/></value></entry><entry><key _jt="string" value="real_time_data.mas"/><value class="com.ibi.ibfs.impex.IBFSImpExObject" dummy="false" fromSecurity="false" localFSName="real_time_data.mas"><resource _jt="IBFSWebFile" binary="false" description="real_time_data.mas" dummy="false" fullPath="IBFS:/WEB/wf_extensions/real_time_data.mas" lastModified="1586160562121" length="244" name="real_time_data.mas" parent="wf_extensions" type="WEBFile" typeDescription="Master File"/><children class="java.util.TreeMap"/></value></entry></children></value></entry></children></value></entry><entry><key _jt="string" value="WFC"/><value class="com.ibi.ibfs.impex.IBFSImpExObject" dummy="true" fromSecurity="false" localFSName="WFC"><resource _jt="IBFSObject" container="true" description="WFC" dummy="false" fullPath="IBFS:/WFC" length="0" name="WFC" type="unknownType"/><children class="java.util.TreeMap"><entry><key _jt="string" value="Repository"/><value class="com.ibi.ibfs.impex.IBFSImpExObject" dummy="true" fromSecurity="false" localFSName="Repository"><resource _jt="IBFSObject" container="true" description="Repository" dummy="false" fullPath="IBFS:/WFC/Repository" length="0" name="Repository" type="unknownType"/><children class="java.util.TreeMap"><entry><key _jt="string" value="wf_extensions"/><value class="com.ibi.ibfs.impex.IBFSImpExObject" dummy="true" fromSecurity="false" localFSName="wf_extensions"><resource _jt="IBFSObject" container="true" description="wf_extensions" dummy="false" fullPath="IBFS:/WFC/Repository/wf_extensions" length="0" name="wf_extensions" type="unknownType"/><children class="java.util.TreeMap"><entry><key _jt="string" value="real_time"/><value class="com.ibi.ibfs.impex.IBFSImpExObject" dummy="true" fromSecurity="false" localFSName="real_time"><resource _jt="IBFSObject" container="true" description="real_time" dummy="false" fullPath="IBFS:/WFC/Repository/wf_extensions/real_time" length="0" name="real_time" type="unknownType"/><children class="java.util.TreeMap"><entry><key _jt="string" value="page_real_time"/><value class="com.ibi.ibfs.impex.IBFSImpExObject" dummy="false" fromSecurity="false" localFSName="page_real_time"><resource _jt="IBFSMRObject" allResources="true" binary="false" container="true" createdBy="admin" createdOn="1585899887933" defaultLng="en_US" description="page real time" dummy="false" effectiveAppName="wf_extensions wf_retail" effectiveRSName="EDASERVE" fullPath="IBFS:/WFC/Repository/wf_extensions/real_time/page_real_time" lastModified="1586250906978" lastaccessBy="admin" lastaccessOn="1586941994074" lastmodBy="admin" length="0" name="page_real_time" policy="e/N+v3/Dn///8+j/3v//9v//n/////7/gAAAAA==" returnedLng="en_US" signedOn="true" summary="Real time chart" type="PGXBundle"><children _jt="ArrayList" size="4"><item _jt="IBFSMRObject" binary="false" createdBy="admin" createdOn="1585899888014" defaultLng="en_US" description="Page Custom CSS" dummy="false" effectiveAppName="wf_extensions wf_retail" effectiveRSName="EDASERVE" extension="css" fullPath="IBFS:/WFC/Repository/wf_extensions/real_time/page_real_time/custom.css" handle="0500ad08_365f_463c_8ef8_860463b8afba" index="0" lastModified="1585899909079" lastaccessBy="admin" lastaccessOn="1586941998704" lastmodBy="admin" length="34" name="custom.css" parent="page_real_time" policy="e/N+v3/Dn///8+j/3v//9v//n/////7/gAAAAA==" returnedLng="en_US" type="CssFile" typeDescription="Cascading Style Sheet"><properties size="0"/></item><item _jt="IBFSMRObject" binary="false" createdBy="admin" createdOn="1585899888014" defaultLng="en_US" description="Page Custom JS" dummy="false" effectiveAppName="wf_extensions wf_retail" effectiveRSName="EDASERVE" extension="js" fullPath="IBFS:/WFC/Repository/wf_extensions/real_time/page_real_time/custom.js" handle="cab82350_a468_4cc1_8e7f_6fdeba313e2b" index="1" lastModified="1585899909079" lastaccessBy="admin" lastaccessOn="1586941998670" lastmodBy="admin" length="34" name="custom.js" parent="page_real_time" policy="e/N+v3/Dn///8+j/3v//9v//n/////7/gAAAAA==" returnedLng="en_US" type="IBFSFile" typeDescription="JavaScript File"><properties size="0"/></item><item _jt="IBFSMRObject" binary="false" createdBy="admin" createdOn="1585899887961" defaultLng="en_US" description="page real time" dummy="false" effectiveAppName="wf_extensions wf_retail" effectiveRSName="EDASERVE" extension="man" fullPath="IBFS:/WFC/Repository/wf_extensions/real_time/page_real_time/page.man" handle="5745f11e_bedf_4e01_9c69_a93a556ed571" index="2" lastModified="1586161629869" lastaccessBy="admin" lastaccessOn="1586941994079" lastmodBy="admin" length="5453" name="page.man" parent="page_real_time" policy="e/N+v3/Dn///8+j/3v//9v//n/////7/gAAAAA==" returnedLng="en_US" type="Manifest" typeDescription="Manifest File"><properties size="1"><entry key="RunType" value="PGXV2"/></properties></item><item _jt="IBFSMRObject" binary="false" createdBy="admin" createdOn="1585899888018" defaultLng="en_US" description="Page Strings" dummy="false" effectiveAppName="wf_extensions wf_retail" effectiveRSName="EDASERVE" extension="prop" fullPath="IBFS:/WFC/Repository/wf_extensions/real_time/page_real_time/page.prop" handle="7df6143a_f4c1_416d_b168_f28edf87bffe" index="3" lastModified="1586161629862" lastaccessBy="admin" lastaccessOn="1586941998456" lastmodBy="admin" length="250" name="page.prop" parent="page_real_time" policy="e/N+v3/Dn///8+j/3v//9v//n/////7/gAAAAA==" returnedLng="en_US" type="Property" typeDescription="Property File"><properties size="0"/></item></children><properties size="1"><entry key="PGXType" value="visualization"/></properties><nlsValues _jt="HashMap" loadFactor="0.75" threshold="12"><entry><key _jt="string" value="en_US"/><value _jt="ArrayList" size="2"><item _jt="string" index="0" value="page real time"/><item _jt="string" index="1" value="Real time chart"/></value></entry></nlsValues></resource><children class="java.util.TreeMap"><entry><key _jt="string" value="custom.css"/><value class="com.ibi.ibfs.impex.IBFSImpExObject" dummy="false" fromSecurity="false" localFSName="custom.css"><resource _jt="IBFSMRObject" binary="false" createdBy="admin" createdOn="1585899888014" defaultLng="en_US" description="Page Custom CSS" dummy="false" effectiveAppName="wf_extensions wf_retail" effectiveRSName="EDASERVE" extension="css" fullPath="IBFS:/WFC/Repository/wf_extensions/real_time/page_real_time/custom.css" lastModified="1585899909079" lastaccessBy="admin" lastaccessOn="1586941998704" lastmodBy="admin" length="34" name="custom.css" parent="page_real_time" policy="e/N+v3/Dn///8+j/3v//9v//n/////7/gAAAAA==" returnedLng="en_US" type="CssFile" typeDescription="Cascading Style Sheet"><properties size="0"/></resource><children class="java.util.TreeMap"/></value></entry><entry><key _jt="string" value="custom.js"/><value class="com.ibi.ibfs.impex.IBFSImpExObject" dummy="false" fromSecurity="false" localFSName="custom.js"><resource _jt="IBFSMRObject" binary="false" createdBy="admin" createdOn="1585899888014" defaultLng="en_US" description="Page Custom JS" dummy="false" effectiveAppName="wf_extensions wf_retail" effectiveRSName="EDASERVE" extension="js" fullPath="IBFS:/WFC/Repository/wf_extensions/real_time/page_real_time/custom.js" lastModified="1585899909079" lastaccessBy="admin" lastaccessOn="1586941998670" lastmodBy="admin" length="34" name="custom.js" parent="page_real_time" policy="e/N+v3/Dn///8+j/3v//9v//n/////7/gAAAAA==" returnedLng="en_US" type="IBFSFile" typeDescription="JavaScript File"><properties size="0"/></resource><children class="java.util.TreeMap"/></value></entry><entry><key _jt="string" value="page.man"/><value class="com.ibi.ibfs.impex.IBFSImpExObject" dummy="false" fromSecurity="false" localFSName="page.man"><resource _jt="IBFSMRObject" binary="false" createdBy="admin" createdOn="1585899887961" defaultLng="en_US" description="page real time" dummy="false" effectiveAppName="wf_extensions wf_retail" effectiveRSName="EDASERVE" extension="man" fullPath="IBFS:/WFC/Repository/wf_extensions/real_time/page_real_time/page.man" lastModified="1586161629869" lastaccessBy="admin" lastaccessOn="1586941994079" lastmodBy="admin" length="5453" name="page.man" parent="page_real_time" policy="e/N+v3/Dn///8+j/3v//9v//n/////7/gAAAAA==" returnedLng="en_US" type="Manifest" typeDescription="Manifest File"><properties size="1"><entry key="RunType" value="PGXV2"/></properties></resource><children class="java.util.TreeMap"/></value></entry><entry><key _jt="string" value="page.prop"/><value class="com.ibi.ibfs.impex.IBFSImpExObject" dummy="false" fromSecurity="false" localFSName="page.prop"><resource _jt="IBFSMRObject" binary="false" createdBy="admin" createdOn="1585899888018" defaultLng="en_US" description="Page Strings" dummy="false" effectiveAppName="wf_extensions wf_retail" effectiveRSName="EDASERVE" extension="prop" fullPath="IBFS:/WFC/Repository/wf_extensions/real_time/page_real_time/page.prop" lastModified="1586161629862" lastaccessBy="admin" lastaccessOn="1586941998456" lastmodBy="admin" length="250" name="page.prop" parent="page_real_time" policy="e/N+v3/Dn///8+j/3v//9v//n/////7/gAAAAA==" returnedLng="en_US" type="Property" typeDescription="Property File"><properties size="0"/></resource><children class="java.util.TreeMap"/></value></entry></children></value></entry><entry><key _jt="string" value="real_time_ajax.fex"/><value class="com.ibi.ibfs.impex.IBFSImpExObject" dummy="false" fromSecurity="false" localFSName="real_time_ajax.fex"><resource _jt="IBFSMRObject" binary="false" createdBy="admin" createdOn="1585899691853" defaultLng="en_US" description="real_time_ajax" dummy="false" effectiveAppName="wf_extensions wf_retail" effectiveRSName="EDASERVE" extension="fex" fullPath="IBFS:/WFC/Repository/wf_extensions/real_time/real_time_ajax.fex" lastModified="1585906270564" lastaccessBy="admin" lastaccessOn="1585906270564" lastmodBy="admin" length="272" name="real_time_ajax.fex" policy="e/N+v3/Dn///8+j/3v//9v//n/////7/gAAAAA==" returnedLng="en_US" signedOn="true" type="FexFile" typeDescription="Report"><properties size="2"><entry key="LastDescribed" value="1585906270561"/><entry key="tool" value="editor"/></properties><nlsValues _jt="HashMap" loadFactor="0.75" threshold="12"><entry><key _jt="string" value="en_US"/><value _jt="ArrayList" size="2"><item _jt="string" index="0" value="real_time_ajax"/><item _jt="string" index="1" value=""/></value></entry></nlsValues></resource><children class="java.util.TreeMap"/></value></entry><entry><key _jt="string" value="real_time_chart.fex"/><value class="com.ibi.ibfs.impex.IBFSImpExObject" dummy="false" fromSecurity="false" localFSName="real_time_chart.fex"><resource _jt="IBFSMRObject" binary="false" createdBy="admin" createdOn="1585896524908" defaultLng="en_US" description="real_time_chart" dummy="false" effectiveAppName="wf_extensions wf_retail" effectiveRSName="EDASERVE" extension="fex" fullPath="IBFS:/WFC/Repository/wf_extensions/real_time/real_time_chart.fex" lastModified="1586941615280" lastaccessBy="admin" lastaccessOn="1586941615288" lastmodBy="admin" length="1735" name="real_time_chart.fex" policy="e/N+v3/Dn///8+j/3v//9v//n/////7/gAAAAA==" returnedLng="en_US" signedOn="true" type="FexFile" typeDescription="Report"><properties size="8"><entry key="skipamper" value="on"/><entry key="LastDescribed" value="1586941615278"/><entry key="OutputFormat" value="AHTML"/><entry key="masters" value="&quot;wf_extensions/real_time_data&quot;"/><entry key="ChartType" value="com.ibi.linear_real_time"/><entry key="bucketSyntax" value="true"/><entry key="InsightDesigner" value="true"/><entry key="tool" value="infoAssist,chart,IAFull"/></properties><nlsValues _jt="HashMap" loadFactor="0.75" threshold="12"><entry><key _jt="string" value="en_US"/><value _jt="ArrayList" size="2"><item _jt="string" index="0" value="real_time_chart"/></value></entry></nlsValues></resource><children class="java.util.TreeMap"/></value></entry></children></value></entry></children></value></entry></children></value></entry></children></value></entry></children><metadataMap _jt="HashMap" loadFactor="0.75" threshold="12"><entry><key _jt="string" value="metadata.info.exporter.name"/><value _jt="string" value="admin"/></entry></metadataMap></rootObject>