{
	"info": {
		"version": "1.1.0",
		"implements_api_version": 2.0,
		"author": "Cloud Software Group, Inc.",
		"copyright": "Cloud Software Group, Inc.",
		"url": "https://github.com/ibi/wf-extensions-chart/tree/master/com.ibi.tutorial",
		"icons": {
			"medium": "icons/icon.png"
		}
	},

	"properties": {
		"selectedExtension": null,
		"baseProperties": {},
		"tutorialSpecificProperties": {}
	},

	"propertyAnnotations": {
		"selectedExtension": "str",
		"baseProperties": "json",
		"tutorialSpecificProperties": "json"
	},

	"dataBuckets":  {

		"tooltip": true,
		"matrix": true,
		"data_page": true,
		"series_break": true,

		"buckets": [
			{
				"id": "value",
				"type": "measure",
				"count": {
					"min": 1,
					"max": 1
				}
			},
			{
				"id": "labels",
				"type": "dimension",
				"count": {
					"min": 0,
					"max": 1
				}
			},
			{
				"id": "size",
				"type": "measure",
				"count": {
					"min": 0,
					"max": 1
				}
			}
		]
	},

	"translations": {
		"en": {
			"name": "Extension Tutorial",
			"description": "Extension Tutorial",
			"icon_tooltip": "Extension Tutorial",
			"value_name": "Value Bucket",
			"value_tooltip": "Drop a measure here",
			"labels_name": "Label Bucket",
			"labels_tooltip": "Drop a dimension here"
		}
	}
}
