{
	"info": {
		"version": 1.0,
		"implements_api_version": 1.0,
		"author": "Three D Graphics",
		"copyright": "Three D Graphics Inc.",
		"url": "https://github.com/ibi/wf-extensions-chart/tree/master/com.tdg.chord",
		"license": "BSD 3-clause",
		"icons": {
			"medium": "icons/medium.png"
		}
	},
	
	"properties": {
		"inverseData": false,
		"chordSort": "none",
		"groupPadding": 0.05,
		"groupCurves": {
			"radius": {
				"inner": "auto",
				"outer": "auto"
			},
			"title": {
				"font": "12px sans-serif",
				"color": "black",
				"bold": true
			}
		},
		"axis": {
			"preciseCount": false,
			"label": {
				"fontFamily": "sans-serif",
				"fontSize": "10px",
				"format": ".2s",
				"count": 20
			},
			"ticks": {
				"count": 90
			}
		}
	},
	"propertyAnnotations": {
		"inverseData": "bool",
		"chordSort": "str",
		"groupPadding": "number",
		"groupCurves": {
			"radius": {
				"inner": "str",
				"outer": "str"
			},
			"title": {
				"font": "str",
				"color": "color",
				"bold": "bool"
			}
		},
		"axis": {
			"preciseCount": "bool",
			"label": {
				"fontFamily": "str",
				"fontSize": "str",
				"format": "str",
				"count": "number"
			},
			"ticks": {
				"count": "number"
			}
		}
	},
	"dataBuckets":  {
		"buckets": [
			{
				"id": "source",
				"type": "dimension",
				"count": {
					"min": 1,
					"max": 1
				}
			},
			{
				"id": "target",
				"type": "dimension",
				"count": {
					"min": 1,
					"max": 1
				}
			},
			{
				"id": "value",
				"type": "measure",
				"count": {
					"min": 1,
					"max": 1
				}
			}
		]
	},	
	"translations": {
		"en": {
			"name": "Chord Diagram",
			"description": "Chord Diagram",
			"icon_tooltip": "Chord Diagram", 
			"source_name": "Source Nodes (DIM)", 
			"source_tooltip": "Drop a dimension here",
			"target_name": "Target Nodes (DIM)", 
			"target_tooltip": "Drop a dimension here",
			"value_name": "Node Link Values (MES)",
			"value_tooltip": "Drop a measure here"
		}
	}
}