{
	"info": {
		"version": 1.0,
		"implements_api_version": 2.0,
		"author": "Cloud Software Group, Inc.",
		"copyright": "Cloud Software Group, Inc.",
		"url": "https://github.com/ibi/wf-extensions-chart/tree/master/odometer",
		"icons": {
			"medium": "icons/icon.svg"
		}
	},

	"properties": {
		"theme": "default",
		"animation": "spin",
		"startValue": 1,
		"updateSpeed": 0,
		"fontSize": null,
		"format": ""
	},

	"propertyAnnotations": {
		"theme": {
			"typeAnnotation": "str",
			"stringValues": ["default", "car", "digital", "minimal", "plaza", "slot-machine", "train-station"]
		},
		"animation": {
			"typeAnnotation": "str",
			"stringValues": ["spin", "count"]
		},
		"startValue": "number",
		"updateSpeed": "number",
		"fontSize": {
			"typeAnnotation": "number",
			"numericRange": [0, 50],
			"numericStep": 1,
			"uiType": "spinner"
		},
		"format": "str"
	},

	"dataBuckets":  {

		"tooltip": false,
		"matrix": false,
		"data_page": false,
		"series_break": false,

		"buckets": [
			{
				"id": "value",
				"type": "measure",
				"count": {
					"min": 1,
					"max": 1
				}
			}
		]
	},

	"translations": {
		"en": {
			"name": "Odometer",
			"description": "Simple numeric label with spinning animation",
			"icon_tooltip": "Simple numeric label with spinning animation",
			"value_name": "Value Bucket",
			"value_tooltip": "Drop a measure here",
			"properties": {
				"theme": {
					"_translation": "Theme",
					"_stringValues": ["Default", "Car", "Digital", "Minimal", "Plaza", "Slot Machine", "Train Station"]
				},
				"animation": {
					"_translation": "Animation Style",
					"_stringValues": ["Spin", "Count"]
				},
				"startValue": {
					"_translation": "Start Value",
					"_tooltip": "Initial value to draw in the odometer. Will cycle up (or down) from this value to the bucket driven data value"
				},
				"updateSpeed": {
					"_translation": "Update Speed",
					"_tooltip": "length of time between each odometer animation update, in ms.  If 0 or null and animation is spin, will spin nicely"
				},
				"fontSize": {
					"_translation": "Font Size",
					"_tooltip": "Height of font, in pixels. If zero, will pick a font that fills up the container"
				},
				"format": "Format"
			}
		}
	}
}
